device-id,timestamp,voltagespectrum,airtemperature,soiltemperature,soiltemperature1,soiltemperature2,soilhumidity,soilelectroconductivity,airhumidity,airpressure,pluviometer,voltagewatermark,windspeed,vpd,solarradiation,swp1,swp2
WS_0020D47E,2022-02-01 01:00:00,,12.55,,,,,,81.4,,0.0,,4.1,0.26,,,
WS_0020D47E,2022-02-01 02:00:00,,12.16,,,,,,83.37,,0.4,,4.5,0.23,,,
WS_0020D47E,2022-02-01 03:00:00,,12.0,,,,,,79.49,,0.4,,4.4,0.28,,,
WS_0020D47E,2022-02-01 04:00:00,,12.35,,,,,,75.0,,0.4,,4.4,0.35,,,
WS_0020D47E,2022-02-01 05:00:00,,12.28,,,,,,75.64,,0.0,,4.7,0.34,,,
WS_0020D47E,2022-02-01 06:00:00,,12.27,,,,,,76.54,,0.0,,4.4,0.33,,,
WS_0020D47E,2022-02-01 07:00:00,,10.24,,,,,,87.96,,2.0,,4.6,0.15,,,
WS_0020D47E,2022-02-01 08:00:00,,9.78,,,,,,90.86,,2.0,,3.2,0.1,,,
WS_0020D47E,2022-02-01 09:00:00,,11.64,,,,,,76.02,,0.2,,2.7,0.32,,,
WS_0020D47E,2022-02-01 10:00:00,,12.68,,,,,,72.19,,0.6,,2.8,0.4,,,
WS_0020D47E,2022-02-01 11:00:00,,11.11,,,,,,70.76,,0.2,,3.4,0.38,,,
WS_0020D47E,2022-02-01 12:00:00,,11.8,,,,,,71.02,,0.2,,3.3,0.4,,,
WS_0020D47E,2022-02-01 13:00:00,,10.85,,,,,,72.67,,0.6,,3.3,0.36,,,
WS_0020D47E,2022-02-01 14:00:00,,8.68,,,,,,81.61,,0.8,,2.7,0.2,,,
WS_0020D47E,2022-02-01 15:00:00,,10.46,,,,,,70.63,,0.0,,3.2,0.37,,,
WS_0020D47E,2022-02-01 16:00:00,,10.01,,,,,,73.02,,0.0,,3.0,0.32,,,
WS_0020D47E,2022-02-01 17:00:00,,9.8,,,,,,71.59,,0.0,,2.8,0.34,,,
WS_0020D47E,2022-02-01 18:00:00,,9.81,,,,,,69.03,,0.0,,2.5,0.37,,,
WS_0020D47E,2022-02-01 19:00:00,,9.89,,,,,,64.75,,0.0,,2.3,0.42,,,
WS_0020D47E,2022-02-01 20:00:00,,9.85,,,,,,67.03,,0.0,,2.4,0.39,,,
WS_0020D47E,2022-02-01 21:00:00,,9.84,,,,,,66.17,,0.0,,1.9,0.41,,,
WS_0020D47E,2022-02-01 22:00:00,,9.71,,,,,,67.12,,0.0,,1.8,0.39,,,
WS_0020D47E,2022-02-01 23:00:00,,9.46,,,,,,68.01,,0.0,,1.8,0.37,,,
WS_0020D47E,2022-02-02 00:00:00,,9.04,,,,,,68.62,,0.2,,1.6,0.35,,,
WS_0020D47E,2022-02-02 01:00:00,,9.35,,,,,,64.33,,0.0,,1.6,0.41,,,
WS_0020D47E,2022-02-02 02:00:00,,9.56,,,,,,56.13,,0.0,,1.9,0.51,,,
WS_0020D47E,2022-02-02 03:00:00,,9.45,,,,,,53.6,,0.0,,2.3,0.54,,,
WS_0020D47E,2022-02-02 04:00:00,,9.24,,,,,,56.1,,0.0,,1.8,0.5,,,
WS_0020D47E,2022-02-02 05:00:00,,9.22,,,,,,55.5,,0.0,,2.1,0.51,,,
WS_0020D47E,2022-02-02 06:00:00,,9.43,,,,,,53.25,,0.0,,2.6,0.54,,,
WS_0020D47E,2022-02-02 07:00:00,,9.48,,,,,,56.95,,0.0,,2.3,0.5,,,
WS_0020D47E,2022-02-02 08:00:00,,10.56,,,,,,57.61,,0.0,,1.9,0.53,,,
WS_0020D47E,2022-02-02 09:00:00,,11.57,,,,,,58.15,,0.0,,2.3,0.56,,,
WS_0020D47E,2022-02-02 10:00:00,,12.46,,,,,,56.97,,0.0,,2.5,0.61,,,
WS_0020D47E,2022-02-02 11:00:00,,13.52,,,,,,55.61,,0.0,,3.0,0.68,,,
WS_0020D47E,2022-02-02 12:00:00,,13.99,,,,,,58.98,,0.0,,2.9,0.65,,,
WS_0020D47E,2022-02-02 13:00:00,,14.19,,,,,,59.81,,0.0,,3.2,0.64,,,
WS_0020D47E,2022-02-02 14:00:00,,14.33,,,,,,61.68,,0.0,,2.9,0.62,,,
WS_0020D47E,2022-02-02 15:00:00,,13.56,,,,,,66.64,,0.0,,4.1,0.51,,,
WS_0020D47E,2022-02-02 16:00:00,,12.94,,,,,,73.28,,0.0,,3.2,0.39,,,
WS_0020D47E,2022-02-02 17:00:00,,12.06,,,,,,81.43,,0.0,,3.3,0.25,,,
WS_0020D47E,2022-02-02 18:00:00,,11.77,,,,,,84.59,,0.0,,3.3,0.2,,,
WS_0020D47E,2022-02-02 19:00:00,,11.85,,,,,,88.16,,0.0,,3.4,0.15,,,
WS_0020D47E,2022-02-02 20:00:00,,11.77,,,,,,89.94,,0.0,,2.6,0.13,,,
WS_0020D47E,2022-02-02 21:00:00,,11.61,,,,,,91.5,,0.0,,2.4,0.11,,,
WS_0020D47E,2022-02-02 22:00:00,,11.01,,,,,,94.48,,0.0,,1.3,0.07,,,
WS_0020D47E,2022-02-02 23:00:00,,10.27,,,,,,85.08,,0.0,,1.3,0.18,,,
WS_0020D47E,2022-02-03 00:00:00,,10.21,,,,,,73.24,,0.0,,1.2,0.32,,,
WS_0020D47E,2022-02-03 01:00:00,,10.51,,,,,,71.59,,0.0,,1.8,0.35,,,
WS_0020D47E,2022-02-03 02:00:00,,10.18,,,,,,77.41,,0.0,,1.3,0.27,,,
WS_0020D47E,2022-02-03 03:00:00,,10.47,,,,,,85.75,,0.0,,2.1,0.17,,,
WS_0020D47E,2022-02-03 04:00:00,,10.43,,,,,,89.54,,0.0,,1.8,0.12,,,
WS_0020D47E,2022-02-03 05:00:00,,9.86,,,,,,88.35,,0.0,,1.8,0.13,,,
WS_0020D47E,2022-02-03 06:00:00,,9.19,,,,,,90.05,,0.0,,1.3,0.11,,,
WS_0020D47E,2022-02-03 07:00:00,,11.07,,,,,,82.2,,0.0,,1.1,0.23,,,
WS_0020D47E,2022-02-03 08:00:00,,12.86,,,,,,78.43,,0.0,,1.2,0.31,,,
WS_0020D47E,2022-02-03 09:00:00,,13.62,,,,,,75.95,,0.0,,1.9,0.37,,,
WS_0020D47E,2022-02-03 10:00:00,,14.28,,,,,,71.09,,0.0,,1.6,0.46,,,
WS_0020D47E,2022-02-03 11:00:00,,15.26,,,,,,65.16,,0.0,,1.6,0.6,,,
WS_0020D47E,2022-02-03 12:00:00,,15.66,,,,,,60.62,,0.0,,1.8,0.69,,,
WS_0020D47E,2022-02-03 13:00:00,,16.27,,,,,,52.29,,0.0,,2.4,0.87,,,
WS_0020D47E,2022-02-03 14:00:00,,16.23,,,,,,48.94,,0.0,,1.9,0.93,,,
WS_0020D47E,2022-02-03 15:00:00,,15.59,,,,,,49.28,,0.0,,1.7,0.89,,,
WS_0020D47E,2022-02-03 16:00:00,,14.37,,,,,,61.89,,0.0,,1.8,0.61,,,
WS_0020D47E,2022-02-03 17:00:00,,12.84,,,,,,65.63,,0.0,,1.6,0.5,,,
WS_0020D47E,2022-02-03 18:00:00,,12.58,,,,,,60.63,,0.0,,1.6,0.56,,,
WS_0020D47E,2022-02-03 19:00:00,,12.05,,,,,,73.12,,0.0,,1.0,0.37,,,
WS_0020D47E,2022-02-03 20:00:00,,9.64,,,,,,84.37,,0.0,,0.8,0.18,,,
WS_0020D47E,2022-02-03 21:00:00,,8.15,,,,,,89.34,,0.0,,0.9,0.11,,,
WS_0020D47E,2022-02-03 22:00:00,,7.75,,,,,,89.32,,0.0,,0.9,0.1,,,
WS_0020D47E,2022-02-03 23:00:00,,7.85,,,,,,87.42,,0.0,,0.8,0.12,,,
WS_0020D47E,2022-02-04 00:00:00,,7.29,,,,,,87.78,,0.0,,0.9,0.12,,,
WS_0020D47E,2022-02-04 01:00:00,,6.79,,,,,,89.66,,0.0,,0.9,0.09,,,
WS_0020D47E,2022-02-04 02:00:00,,5.94,,,,,,92.66,,0.2,,0.9,0.06,,,
WS_0020D47E,2022-02-04 03:00:00,,5.9,,,,,,92.45,,0.0,,0.9,0.06,,,
WS_0020D47E,2022-02-04 04:00:00,,7.93,,,,,,87.57,,0.0,,1.0,0.13,,,
WS_0020D47E,2022-02-04 05:00:00,,9.91,,,,,,82.61,,0.0,,1.2,0.21,,,
WS_0020D47E,2022-02-04 06:00:00,,10.92,,,,,,83.59,,0.0,,1.4,0.21,,,
WS_0020D47E,2022-02-04 07:00:00,,12.48,,,,,,83.28,,0.0,,1.6,0.23,,,
WS_0020D47E,2022-02-04 08:00:00,,13.68,,,,,,86.78,,0.0,,1.9,0.2,,,
WS_0020D47E,2022-02-04 09:00:00,,14.42,,,,,,85.83,,0.0,,1.8,0.23,,,
WS_0020D47E,2022-02-04 10:00:00,,15.13,,,,,,84.0,,0.0,,2.1,0.27,,,
WS_0020D47E,2022-02-04 11:00:00,,15.98,,,,,,77.05,,0.0,,2.2,0.41,,,
WS_0020D47E,2022-02-04 12:00:00,,16.35,,,,,,73.76,,0.0,,2.1,0.48,,,
WS_0020D47E,2022-02-04 13:00:00,,16.31,,,,,,76.51,,0.0,,2.0,0.43,,,
WS_0020D47E,2022-02-04 14:00:00,,16.06,,,,,,82.01,,0.0,,2.0,0.32,,,
WS_0020D47E,2022-02-04 15:00:00,,15.77,,,,,,83.47,,0.0,,2.0,0.29,,,
WS_0020D47E,2022-02-04 16:00:00,,14.87,,,,,,83.3,,0.0,,2.0,0.27,,,
WS_0020D47E,2022-02-04 17:00:00,,13.71,,,,,,89.21,,0.0,,1.9,0.16,,,
WS_0020D47E,2022-02-04 18:00:00,,13.75,,,,,,90.94,,0.0,,1.9,0.13,,,
WS_0020D47E,2022-02-04 19:00:00,,13.84,,,,,,88.94,,0.0,,2.4,0.17,,,
WS_0020D47E,2022-02-04 20:00:00,,13.88,,,,,,90.02,,0.0,,2.6,0.15,,,
WS_0020D47E,2022-02-04 21:00:00,,14.09,,,,,,87.64,,0.0,,2.6,0.19,,,
WS_0020D47E,2022-02-04 22:00:00,,14.04,,,,,,88.93,,0.0,,2.7,0.17,,,
WS_0020D47E,2022-02-04 23:00:00,,14.02,,,,,,88.08,,0.0,,2.3,0.18,,,
WS_0020D47E,2022-02-05 00:00:00,,13.7,,,,,,88.33,,0.0,,2.2,0.18,,,
WS_0020D47E,2022-02-05 01:00:00,,13.71,,,,,,88.32,,0.0,,2.3,0.17,,,
WS_0020D47E,2022-02-05 02:00:00,,13.12,,,,,,92.63,,0.0,,2.4,0.1,,,
WS_0020D47E,2022-02-05 03:00:00,,12.77,,,,,,94.57,,0.2,,1.9,0.07,,,
WS_0020D47E,2022-02-05 04:00:00,,12.61,,,,,,97.17,,0.0,,1.7,0.03,,,
WS_0020D47E,2022-02-05 05:00:00,,12.66,,,,,,98.13,,0.0,,1.8,0.02,,,
WS_0020D47E,2022-02-05 06:00:00,,12.73,,,,,,92.91,,0.0,,1.9,0.1,,,
WS_0020D47E,2022-02-05 07:00:00,,13.73,,,,,,88.68,,0.0,,1.9,0.17,,,
WS_0020D47E,2022-02-05 08:00:00,,14.61,,,,,,85.28,,0.0,,2.1,0.24,,,
WS_0020D47E,2022-02-05 09:00:00,,15.41,,,,,,83.38,,0.0,,2.3,0.29,,,
WS_0020D47E,2022-02-05 10:00:00,,16.14,,,,,,82.49,,0.0,,2.5,0.31,,,
WS_0020D47E,2022-02-05 11:00:00,,16.02,,,,,,81.85,,0.0,,3.2,0.32,,,
WS_0020D47E,2022-02-05 12:00:00,,16.02,,,,,,83.03,,0.0,,3.4,0.3,,,
WS_0020D47E,2022-02-05 13:00:00,,16.17,,,,,,82.08,,0.0,,3.3,0.32,,,
WS_0020D47E,2022-02-05 14:00:00,,15.74,,,,,,81.93,,0.0,,3.3,0.31,,,
WS_0020D47E,2022-02-05 15:00:00,,14.96,,,,,,84.48,,0.0,,3.0,0.25,,,
WS_0020D47E,2022-02-05 16:00:00,,13.94,,,,,,89.29,,0.0,,2.6,0.16,,,
WS_0020D47E,2022-02-05 17:00:00,,12.54,,,,,,95.29,,0.0,,2.7,0.06,,,
WS_0020D47E,2022-02-05 18:00:00,,12.36,,,,,,96.03,,0.0,,2.5,0.05,,,
WS_0020D47E,2022-02-05 19:00:00,,12.29,,,,,,96.4,,0.0,,2.2,0.04,,,
WS_0020D47E,2022-02-05 20:00:00,,11.83,,,,,,97.33,,0.0,,1.8,0.03,,,
WS_0020D47E,2022-02-05 21:00:00,,11.9,,,,,,96.99,,0.0,,1.5,0.04,,,
WS_0020D47E,2022-02-05 22:00:00,,11.94,,,,,,96.75,,0.0,,1.9,0.04,,,
WS_0020D47E,2022-02-05 23:00:00,,11.77,,,,,,96.18,,0.0,,1.9,0.05,,,
WS_0020D47E,2022-02-06 00:00:00,,11.66,,,,,,95.18,,0.0,,1.6,0.06,,,
WS_0020D47E,2022-02-06 01:00:00,,11.71,,,,,,94.2,,0.0,,1.7,0.07,,,
WS_0020D47E,2022-02-06 02:00:00,,11.81,,,,,,92.78,,0.0,,1.4,0.09,,,
WS_0020D47E,2022-02-06 03:00:00,,11.95,,,,,,92.96,,0.0,,1.6,0.09,,,
WS_0020D47E,2022-02-06 04:00:00,,11.96,,,,,,94.0,,0.0,,2.0,0.08,,,
WS_0020D47E,2022-02-06 05:00:00,,12.01,,,,,,94.31,,0.0,,1.8,0.07,,,
WS_0020D47E,2022-02-06 06:00:00,,12.08,,,,,,94.43,,0.0,,1.4,0.07,,,
WS_0020D47E,2022-02-06 07:00:00,,12.61,,,,,,93.46,,0.0,,1.1,0.09,,,
WS_0020D47E,2022-02-06 08:00:00,,13.62,,,,,,91.04,,0.0,,1.0,0.13,,,
WS_0020D47E,2022-02-06 09:00:00,,14.59,,,,,,87.02,,0.0,,0.8,0.21,,,
WS_0020D47E,2022-02-06 10:00:00,,15.78,,,,,,81.61,,0.0,,1.1,0.32,,,
WS_0020D47E,2022-02-06 11:00:00,,17.16,,,,,,76.27,,0.0,,0.8,0.46,,,
WS_0020D47E,2022-02-06 12:00:00,,16.42,,,,,,80.13,,0.0,,0.7,0.37,,,
WS_0020D47E,2022-02-06 13:00:00,,16.2,,,,,,80.34,,0.0,,0.8,0.36,,,
WS_0020D47E,2022-02-06 14:00:00,,14.76,,,,,,85.64,,0.0,,1.2,0.23,,,
WS_0020D47E,2022-02-06 15:00:00,,14.08,,,,,,88.04,,0.0,,1.3,0.19,,,
WS_0020D47E,2022-02-06 16:00:00,,13.17,,,,,,90.79,,0.0,,1.5,0.13,,,
WS_0020D47E,2022-02-06 17:00:00,,11.79,,,,,,95.47,,0.0,,1.0,0.06,,,
WS_0020D47E,2022-02-06 18:00:00,,10.69,,,,,,98.44,,0.2,,0.8,0.01,,,
WS_0020D47E,2022-02-06 19:00:00,,10.81,,,,,,99.58,,0.0,,1.0,0.0,,,
WS_0020D47E,2022-02-06 20:00:00,,10.23,,,,,,99.78,,0.0,,1.2,0.0,,,
WS_0020D47E,2022-02-06 21:00:00,,9.41,,,,,,99.37,,0.0,,0.9,0.0,,,
WS_0020D47E,2022-02-06 22:00:00,,9.8,,,,,,97.72,,0.0,,1.2,0.02,,,
WS_0020D47E,2022-02-06 23:00:00,,10.65,,,,,,91.78,,0.0,,1.5,0.1,,,
WS_0020D47E,2022-02-07 00:00:00,,10.66,,,,,,91.82,,0.0,,1.6,0.1,,,
WS_0020D47E,2022-02-07 01:00:00,,10.9,,,,,,91.77,,0.0,,1.8,0.1,,,
WS_0020D47E,2022-02-07 02:00:00,,10.75,,,,,,90.9,,0.0,,1.9,0.11,,,
WS_0020D47E,2022-02-07 03:00:00,,10.93,,,,,,89.0,,0.0,,2.3,0.14,,,
WS_0020D47E,2022-02-07 04:00:00,,11.31,,,,,,86.31,,0.0,,2.5,0.18,,,
WS_0020D47E,2022-02-07 05:00:00,,11.49,,,,,,82.93,,0.0,,2.2,0.23,,,
WS_0020D47E,2022-02-07 06:00:00,,11.72,,,,,,79.66,,0.0,,2.8,0.27,,,
WS_0020D47E,2022-02-07 07:00:00,,11.86,,,,,,80.11,,0.0,,2.7,0.27,,,
WS_0020D47E,2022-02-07 08:00:00,,12.5,,,,,,79.75,,0.0,,2.9,0.28,,,
WS_0020D47E,2022-02-07 09:00:00,,13.13,,,,,,78.19,,0.0,,3.3,0.32,,,
WS_0020D47E,2022-02-07 10:00:00,,13.79,,,,,,75.26,,0.0,,3.7,0.38,,,
WS_0020D47E,2022-02-07 11:00:00,,14.43,,,,,,74.6,,0.0,,3.6,0.41,,,
WS_0020D47E,2022-02-07 12:00:00,,14.66,,,,,,75.8,,0.0,,3.6,0.39,,,
WS_0020D47E,2022-02-07 13:00:00,,14.31,,,,,,78.79,,0.0,,3.6,0.34,,,
WS_0020D47E,2022-02-07 14:00:00,,13.57,,,,,,79.61,,0.0,,3.0,0.31,,,
WS_0020D47E,2022-02-07 15:00:00,,13.51,,,,,,78.4,,0.0,,3.5,0.33,,,
WS_0020D47E,2022-02-07 16:00:00,,13.22,,,,,,77.66,,0.0,,3.8,0.33,,,
WS_0020D47E,2022-02-07 17:00:00,,13.12,,,,,,79.37,,0.0,,3.6,0.3,,,
WS_0020D47E,2022-02-07 18:00:00,,13.1,,,,,,81.76,,0.0,,3.6,0.27,,,
WS_0020D47E,2022-02-07 19:00:00,,13.11,,,,,,80.75,,0.0,,3.7,0.28,,,
WS_0020D47E,2022-02-07 20:00:00,,13.2,,,,,,82.78,,0.0,,3.6,0.25,,,
WS_0020D47E,2022-02-07 21:00:00,,13.33,,,,,,83.62,,0.0,,3.7,0.24,,,
WS_0020D47E,2022-02-07 22:00:00,,13.31,,,,,,84.59,,0.0,,3.4,0.23,,,
WS_0020D47E,2022-02-07 23:00:00,,12.93,,,,,,89.59,,0.0,,3.2,0.15,,,
WS_0020D47E,2022-02-08 00:00:00,,13.06,,,,,,88.1,,0.0,,3.3,0.17,,,
WS_0020D47E,2022-02-08 01:00:00,,12.73,,,,,,89.74,,0.0,,2.6,0.14,,,
WS_0020D47E,2022-02-08 02:00:00,,12.24,,,,,,92.68,,0.0,,2.5,0.1,,,
WS_0020D47E,2022-02-08 03:00:00,,11.94,,,,,,93.35,,0.0,,2.5,0.09,,,
WS_0020D47E,2022-02-08 04:00:00,,11.63,,,,,,92.7,,0.0,,1.7,0.1,,,
WS_0020D47E,2022-02-08 05:00:00,,11.72,,,,,,83.5,,0.0,,1.1,0.22,,,
WS_0020D47E,2022-02-08 06:00:00,,10.81,,,,,,86.11,,0.0,,0.7,0.17,,,
WS_0020D47E,2022-02-08 07:00:00,,11.39,,,,,,78.47,,0.0,,0.6,0.28,,,
WS_0020D47E,2022-02-08 08:00:00,,11.27,,,,,,61.38,,0.0,,0.6,0.51,,,
WS_0020D47E,2022-02-08 09:00:00,,11.65,,,,,,58.97,,0.0,,0.6,0.55,,,
WS_0020D47E,2022-02-08 10:00:00,,12.24,,,,,,56.35,,0.0,,0.7,0.61,,,
WS_0020D47E,2022-02-08 11:00:00,,13.66,,,,,,49.98,,0.0,,0.7,0.77,,,
WS_0020D47E,2022-02-08 12:00:00,,14.5,,,,,,45.85,,0.0,,0.6,0.88,,,
WS_0020D47E,2022-02-08 13:00:00,,14.79,,,,,,44.58,,0.0,,0.6,0.92,,,
WS_0020D47E,2022-02-08 14:00:00,,14.27,,,,,,44.71,,0.0,,0.8,0.89,,,
WS_0020D47E,2022-02-08 15:00:00,,13.71,,,,,,43.05,,0.0,,0.7,0.88,,,
WS_0020D47E,2022-02-08 16:00:00,,12.53,,,,,,44.4,,0.0,,0.7,0.8,,,
WS_0020D47E,2022-02-08 17:00:00,,9.2,,,,,,66.35,,0.0,,0.9,0.39,,,
WS_0020D47E,2022-02-08 18:00:00,,8.42,,,,,,68.76,,0.0,,1.2,0.34,,,
WS_0020D47E,2022-02-08 19:00:00,,7.46,,,,,,71.44,,0.0,,0.9,0.29,,,
WS_0020D47E,2022-02-08 20:00:00,,6.4,,,,,,78.4,,0.0,,0.8,0.2,,,
WS_0020D47E,2022-02-08 21:00:00,,6.72,,,,,,79.78,,0.0,,0.7,0.19,,,
WS_0020D47E,2022-02-08 22:00:00,,7.83,,,,,,73.14,,0.0,,0.6,0.28,,,
WS_0020D47E,2022-02-08 23:00:00,,7.17,,,,,,73.7,,0.0,,0.7,0.26,,,
WS_0020D47E,2022-02-09 00:00:00,,5.94,,,,,,78.5,,0.0,,0.9,0.19,,,
WS_0020D47E,2022-02-09 01:00:00,,5.93,,,,,,78.69,,0.0,,0.8,0.19,,,
WS_0020D47E,2022-02-09 02:00:00,,5.44,,,,,,78.94,,0.0,,0.9,0.18,,,
WS_0020D47E,2022-02-09 03:00:00,,5.48,,,,,,78.07,,0.0,,0.9,0.19,,,
WS_0020D47E,2022-02-09 04:00:00,,5.54,,,,,,79.39,,0.0,,0.9,0.18,,,
WS_0020D47E,2022-02-09 05:00:00,,5.93,,,,,,81.29,,0.0,,1.5,0.17,,,
WS_0020D47E,2022-02-09 06:00:00,,6.34,,,,,,82.05,,0.0,,1.3,0.17,,,
WS_0020D47E,2022-02-09 07:00:00,,9.0,,,,,,75.43,,0.0,,1.3,0.28,,,
WS_0020D47E,2022-02-09 08:00:00,,10.83,,,,,,68.02,,0.0,,1.2,0.41,,,
WS_0020D47E,2022-02-09 09:00:00,,11.75,,,,,,63.46,,0.0,,0.9,0.5,,,
WS_0020D47E,2022-02-09 10:00:00,,12.71,,,,,,57.83,,0.0,,0.7,0.61,,,
WS_0020D47E,2022-02-09 11:00:00,,14.11,,,,,,50.91,,0.0,,0.8,0.79,,,
WS_0020D47E,2022-02-09 12:00:00,,16.46,,,,,,37.16,,0.0,,0.4,1.17,,,
WS_0020D47E,2022-02-09 13:00:00,,17.13,,,,,,33.98,,0.0,,0.3,1.28,,,
WS_0020D47E,2022-02-09 14:00:00,,15.67,,,,,,47.86,,0.0,,1.0,0.92,,,
WS_0020D47E,2022-02-09 15:00:00,,14.08,,,,,,53.52,,0.0,,1.4,0.74,,,
WS_0020D47E,2022-02-09 16:00:00,,12.61,,,,,,60.52,,0.0,,1.6,0.57,,,
WS_0020D47E,2022-02-09 17:00:00,,10.29,,,,,,73.3,,0.0,,1.2,0.33,,,
WS_0020D47E,2022-02-09 18:00:00,,8.93,,,,,,78.81,,0.0,,1.3,0.23,,,
WS_0020D47E,2022-02-09 19:00:00,,8.76,,,,,,80.99,,0.0,,1.2,0.21,,,
WS_0020D47E,2022-02-09 20:00:00,,8.88,,,,,,80.95,,0.0,,0.9,0.21,,,
WS_0020D47E,2022-02-09 21:00:00,,8.24,,,,,,85.05,,0.0,,0.7,0.15,,,
WS_0020D47E,2022-02-09 22:00:00,,8.51,,,,,,87.47,,0.0,,0.7,0.13,,,
WS_0020D47E,2022-02-09 23:00:00,,9.36,,,,,,84.78,,0.0,,0.9,0.17,,,
WS_0020D47E,2022-02-10 00:00:00,,8.85,,,,,,86.54,,0.0,,1.5,0.15,,,
WS_0020D47E,2022-02-10 01:00:00,,9.18,,,,,,87.39,,0.0,,0.9,0.14,,,
WS_0020D47E,2022-02-10 02:00:00,,9.56,,,,,,90.98,,0.0,,1.7,0.1,,,
WS_0020D47E,2022-02-10 03:00:00,,9.33,,,,,,95.96,,0.0,,1.7,0.04,,,
WS_0020D47E,2022-02-10 04:00:00,,8.66,,,,,,97.92,,0.0,,1.5,0.02,,,
WS_0020D47E,2022-02-10 05:00:00,,8.93,,,,,,98.66,,0.0,,0.8,0.01,,,
WS_0020D47E,2022-02-10 06:00:00,,9.62,,,,,,98.74,,0.0,,1.0,0.01,,,
WS_0020D47E,2022-02-10 07:00:00,,11.75,,,,,,93.95,,0.6,,1.2,0.08,,,
WS_0020D47E,2022-02-10 08:00:00,,13.17,,,,,,86.51,,0.6,,1.5,0.2,,,
WS_0020D47E,2022-02-10 09:00:00,,14.46,,,,,,72.52,,0.8,,1.0,0.45,,,
WS_0020D47E,2022-02-10 10:00:00,,15.88,,,,,,68.1,,0.0,,1.0,0.57,,,
WS_0020D47E,2022-02-10 11:00:00,,17.74,,,,,,55.07,,0.0,,1.0,0.91,,,
WS_0020D47E,2022-02-10 12:00:00,,17.69,,,,,,55.97,,0.0,,0.9,0.88,,,
WS_0020D47E,2022-02-10 13:00:00,,17.77,,,,,,53.17,,0.0,,0.9,0.94,,,
WS_0020D47E,2022-02-10 14:00:00,,17.3,,,,,,56.31,,0.0,,1.0,0.85,,,
WS_0020D47E,2022-02-10 15:00:00,,16.38,,,,,,63.87,,0.0,,1.0,0.67,,,
WS_0020D47E,2022-02-10 16:00:00,,15.1,,,,,,71.39,,0.0,,1.0,0.48,,,
WS_0020D47E,2022-02-10 17:00:00,,12.53,,,,,,83.91,,0.0,,0.5,0.23,,,
WS_0020D47E,2022-02-10 18:00:00,,10.28,,,,,,95.41,,0.0,,0.3,0.05,,,
WS_0020D47E,2022-02-10 19:00:00,,9.74,,,,,,98.64,,0.0,,0.9,0.01,,,
WS_0020D47E,2022-02-10 20:00:00,,9.54,,,,,,99.48,,0.0,,0.8,0.0,,,
WS_0020D47E,2022-02-10 21:00:00,,8.82,,,,,,99.98,,0.2,,0.8,0.0,,,
WS_0020D47E,2022-02-10 22:00:00,,8.73,,,,,,99.99,,0.0,,1.0,0.0,,,
WS_0020D47E,2022-02-10 23:00:00,,8.61,,,,,,99.99,,0.0,,0.8,0.0,,,
WS_0020D47E,2022-02-11 00:00:00,,7.98,,,,,,99.99,,0.0,,0.7,0.0,,,
WS_0020D47E,2022-02-11 01:00:00,,7.49,,,,,,99.99,,0.0,,0.5,0.0,,,
WS_0020D47E,2022-02-11 02:00:00,,8.11,,,,,,99.99,,0.2,,0.5,0.0,,,
WS_0020D47E,2022-02-11 03:00:00,,7.79,,,,,,99.99,,0.2,,0.1,0.0,,,
WS_0020D47E,2022-02-11 04:00:00,,7.35,,,,,,99.99,,0.0,,0.1,0.0,,,
WS_0020D47E,2022-02-11 05:00:00,,7.24,,,,,,99.98,,0.0,,0.0,0.0,,,
WS_0020D47E,2022-02-11 06:00:00,,7.75,,,,,,99.98,,0.0,,0.0,0.0,,,
WS_0020D47E,2022-02-11 07:00:00,,9.62,,,,,,99.98,,0.2,,0.0,0.0,,,
WS_0020D47E,2022-02-11 08:00:00,,11.36,,,,,,99.8,,0.0,,0.2,0.0,,,
WS_0020D47E,2022-02-11 09:00:00,,12.65,,,,,,93.12,,0.0,,0.2,0.1,,,
WS_0020D47E,2022-02-11 10:00:00,,14.13,,,,,,82.29,,0.0,,1.4,0.28,,,
WS_0020D47E,2022-02-11 11:00:00,,15.35,,,,,,76.75,,0.0,,1.8,0.4,,,
WS_0020D47E,2022-02-11 12:00:00,,15.29,,,,,,75.99,,0.0,,2.1,0.41,,,
WS_0020D47E,2022-02-11 13:00:00,,15.43,,,,,,74.57,,0.0,,2.0,0.44,,,
WS_0020D47E,2022-02-11 14:00:00,,15.14,,,,,,74.0,,0.0,,1.9,0.44,,,
WS_0020D47E,2022-02-11 15:00:00,,14.35,,,,,,76.58,,0.0,,1.7,0.37,,,
WS_0020D47E,2022-02-11 16:00:00,,13.55,,,,,,78.31,,0.0,,1.4,0.33,,,
WS_0020D47E,2022-02-11 17:00:00,,10.95,,,,,,89.39,,0.0,,1.0,0.13,,,
WS_0020D47E,2022-02-11 18:00:00,,9.57,,,,,,94.78,,0.0,,1.0,0.05,,,
WS_0020D47E,2022-02-11 19:00:00,,9.05,,,,,,96.08,,0.0,,1.0,0.04,,,
WS_0020D47E,2022-02-11 20:00:00,,8.23,,,,,,97.19,,0.0,,1.0,0.02,,,
WS_0020D47E,2022-02-11 21:00:00,,7.79,,,,,,99.23,,0.0,,0.8,0.0,,,
WS_0020D47E,2022-02-11 22:00:00,,8.05,,,,,,99.84,,0.0,,0.8,0.0,,,
WS_0020D47E,2022-02-11 23:00:00,,7.39,,,,,,99.98,,0.0,,0.7,0.0,,,
WS_0020D47E,2022-02-12 00:00:00,,8.13,,,,,,99.99,,0.0,,0.7,0.0,,,
WS_0020D47E,2022-02-12 01:00:00,,8.14,,,,,,99.99,,0.0,,0.7,0.0,,,
WS_0020D47E,2022-02-12 02:00:00,,8.24,,,,,,99.88,,0.0,,0.8,0.0,,,
WS_0020D47E,2022-02-12 03:00:00,,8.23,,,,,,98.48,,0.0,,0.9,0.01,,,
WS_0020D47E,2022-02-12 04:00:00,,8.38,,,,,,97.99,,0.0,,0.9,0.02,,,
WS_0020D47E,2022-02-12 05:00:00,,7.92,,,,,,98.57,,0.0,,0.9,0.01,,,
WS_0020D47E,2022-02-12 06:00:00,,8.33,,,,,,96.68,,0.0,,1.0,0.03,,,
WS_0020D47E,2022-02-12 07:00:00,,9.97,,,,,,97.3,,0.0,,0.9,0.03,,,
WS_0020D47E,2022-02-12 08:00:00,,11.83,,,,,,87.14,,0.0,,0.9,0.17,,,
WS_0020D47E,2022-02-12 09:00:00,,13.32,,,,,,79.14,,0.0,,0.9,0.31,,,
WS_0020D47E,2022-02-12 10:00:00,,14.81,,,,,,72.85,,0.0,,0.8,0.45,,,
WS_0020D47E,2022-02-12 11:00:00,,14.99,,,,,,72.04,,0.0,,0.9,0.47,,,
WS_0020D47E,2022-02-12 12:00:00,,14.28,,,,,,75.3,,0.0,,0.8,0.39,,,
WS_0020D47E,2022-02-12 13:00:00,,16.06,,,,,,68.4,,0.0,,0.8,0.57,,,
WS_0020D47E,2022-02-12 14:00:00,,16.29,,,,,,69.11,,0.0,,1.2,0.56,,,
WS_0020D47E,2022-02-12 15:00:00,,14.25,,,,,,75.29,,0.0,,0.7,0.4,,,
WS_0020D47E,2022-02-12 16:00:00,,13.05,,,,,,80.31,,0.0,,0.5,0.29,,,
WS_0020D47E,2022-02-12 17:00:00,,11.69,,,,,,86.43,,0.0,,0.3,0.18,,,
WS_0020D47E,2022-02-12 18:00:00,,9.88,,,,,,93.18,,0.0,,0.0,0.07,,,
WS_0020D47E,2022-02-12 19:00:00,,8.9,,,,,,96.23,,0.2,,0.2,0.03,,,
WS_0020D47E,2022-02-12 20:00:00,,8.42,,,,,,97.59,,0.0,,0.8,0.02,,,
WS_0020D47E,2022-02-12 21:00:00,,8.58,,,,,,96.68,,0.0,,0.8,0.03,,,
WS_0020D47E,2022-02-12 22:00:00,,8.31,,,,,,96.36,,0.0,,0.8,0.03,,,
WS_0020D47E,2022-02-12 23:00:00,,7.84,,,,,,98.28,,0.0,,0.8,0.01,,,
WS_0020D47E,2022-02-13 00:00:00,,8.02,,,,,,98.93,,0.0,,0.9,0.0,,,
WS_0020D47E,2022-02-13 01:00:00,,8.06,,,,,,98.57,,0.0,,0.8,0.01,,,
WS_0020D47E,2022-02-13 02:00:00,,7.87,,,,,,98.99,,0.0,,0.9,0.0,,,
WS_0020D47E,2022-02-13 03:00:00,,7.5,,,,,,99.37,,0.0,,0.8,0.0,,,
WS_0020D47E,2022-02-13 04:00:00,,7.19,,,,,,99.94,,0.0,,0.9,0.0,,,
WS_0020D47E,2022-02-13 05:00:00,,7.2,,,,,,99.99,,0.0,,0.9,0.0,,,
WS_0020D47E,2022-02-13 06:00:00,,7.43,,,,,,99.99,,0.0,,0.8,0.0,,,
WS_0020D47E,2022-02-13 07:00:00,,9.02,,,,,,99.99,,0.2,,0.6,0.0,,,
WS_0020D47E,2022-02-13 08:00:00,,10.85,,,,,,99.79,,0.2,,0.5,0.0,,,
WS_0020D47E,2022-02-13 09:00:00,,12.61,,,,,,90.33,,0.0,,0.6,0.14,,,
WS_0020D47E,2022-02-13 10:00:00,,14.16,,,,,,73.28,,0.0,,0.7,0.43,,,
WS_0020D47E,2022-02-13 11:00:00,,15.55,,,,,,63.73,,0.0,,0.7,0.64,,,
WS_0020D47E,2022-02-13 12:00:00,,15.28,,,,,,69.48,,0.0,,0.7,0.53,,,
WS_0020D47E,2022-02-13 13:00:00,,15.42,,,,,,72.47,,0.0,,1.3,0.48,,,
WS_0020D47E,2022-02-13 14:00:00,,16.05,,,,,,69.45,,0.0,,1.4,0.55,,,
WS_0020D47E,2022-02-13 15:00:00,,14.54,,,,,,74.82,,0.0,,1.2,0.41,,,
WS_0020D47E,2022-02-13 16:00:00,,13.26,,,,,,78.87,,0.0,,1.1,0.31,,,
WS_0020D47E,2022-02-13 17:00:00,,11.7,,,,,,87.8,,0.0,,0.8,0.16,,,
WS_0020D47E,2022-02-13 18:00:00,,9.65,,,,,,94.22,,0.0,,0.9,0.06,,,
WS_0020D47E,2022-02-13 19:00:00,,8.82,,,,,,97.29,,0.0,,0.9,0.02,,,
WS_0020D47E,2022-02-13 20:00:00,,8.37,,,,,,98.42,,0.2,,0.9,0.01,,,
WS_0020D47E,2022-02-13 21:00:00,,8.51,,,,,,99.28,,0.0,,0.8,0.0,,,
WS_0020D47E,2022-02-13 22:00:00,,8.49,,,,,,99.78,,0.0,,0.8,0.0,,,
WS_0020D47E,2022-02-13 23:00:00,,8.17,,,,,,99.99,,0.0,,0.7,0.0,,,
WS_0020D47E,2022-02-14 00:00:00,,7.82,,,,,,99.99,,0.0,,0.7,0.0,,,
WS_0020D47E,2022-02-14 01:00:00,,7.77,,,,,,99.99,,0.0,,0.7,0.0,,,
WS_0020D47E,2022-02-14 02:00:00,,7.72,,,,,,99.99,,0.0,,0.7,0.0,,,
WS_0020D47E,2022-02-14 03:00:00,,7.63,,,,,,99.99,,0.0,,0.6,0.0,,,
WS_0020D47E,2022-02-14 04:00:00,,7.27,,,,,,99.99,,0.0,,0.6,0.0,,,
WS_0020D47E,2022-02-14 05:00:00,,7.33,,,,,,99.99,,0.0,,0.6,0.0,,,
WS_0020D47E,2022-02-14 06:00:00,,7.71,,,,,,99.98,,0.0,,0.6,0.0,,,
WS_0020D47E,2022-02-14 07:00:00,,10.33,,,,,,99.99,,0.2,,0.5,0.0,,,
WS_0020D47E,2022-02-14 08:00:00,,11.76,,,,,,99.99,,0.0,,0.4,0.0,,,
WS_0020D47E,2022-02-14 09:00:00,,12.6,,,,,,98.15,,0.0,,0.6,0.02,,,
WS_0020D47E,2022-02-14 10:00:00,,14.4,,,,,,87.65,,0.0,,0.8,0.2,,,
WS_0020D47E,2022-02-14 11:00:00,,15.66,,,,,,75.9,,0.0,,1.4,0.43,,,
WS_0020D47E,2022-02-14 12:00:00,,16.11,,,,,,69.68,,0.0,,1.6,0.55,,,
WS_0020D47E,2022-02-14 13:00:00,,15.98,,,,,,69.86,,0.0,,1.5,0.54,,,
WS_0020D47E,2022-02-14 14:00:00,,15.92,,,,,,70.66,,0.0,,1.5,0.52,,,
WS_0020D47E,2022-02-14 15:00:00,,14.5,,,,,,77.52,,0.0,,1.1,0.36,,,
WS_0020D47E,2022-02-14 16:00:00,,14.05,,,,,,80.39,,0.0,,0.9,0.31,,,
WS_0020D47E,2022-02-14 17:00:00,,12.04,,,,,,88.93,,0.0,,0.9,0.15,,,
WS_0020D47E,2022-02-14 18:00:00,,10.96,,,,,,94.83,,0.0,,0.8,0.06,,,
WS_0020D47E,2022-02-14 19:00:00,,11.15,,,,,,98.4,,0.0,,0.8,0.01,,,
WS_0020D47E,2022-02-14 20:00:00,,11.96,,,,,,99.32,,0.0,,0.8,0.0,,,
WS_0020D47E,2022-02-14 21:00:00,,12.37,,,,,,99.57,,0.0,,0.9,0.0,,,
WS_0020D47E,2022-02-14 22:00:00,,12.81,,,,,,99.21,,0.0,,0.9,0.01,,,
WS_0020D47E,2022-02-14 23:00:00,,12.88,,,,,,99.39,,0.0,,1.0,0.01,,,
WS_0020D47E,2022-02-15 00:00:00,,12.65,,,,,,99.98,,0.0,,1.0,0.0,,,
WS_0020D47E,2022-02-15 01:00:00,,12.81,,,,,,99.98,,0.0,,1.0,0.0,,,
WS_0020D47E,2022-02-15 02:00:00,,12.96,,,,,,98.99,,0.0,,1.1,0.01,,,
WS_0020D47E,2022-02-15 03:00:00,,13.01,,,,,,98.53,,0.0,,1.3,0.02,,,
WS_0020D47E,2022-02-15 04:00:00,,13.19,,,,,,98.91,,0.0,,1.3,0.01,,,
WS_0020D47E,2022-02-15 05:00:00,,13.19,,,,,,99.79,,0.0,,1.3,0.0,,,
WS_0020D47E,2022-02-15 06:00:00,,13.28,,,,,,100.0,,0.0,,1.2,0.0,,,
WS_0020D47E,2022-02-15 07:00:00,,14.07,,,,,,98.65,,0.0,,1.2,0.02,,,
WS_0020D47E,2022-02-15 08:00:00,,15.03,,,,,,95.01,,0.0,,1.3,0.08,,,
WS_0020D47E,2022-02-15 09:00:00,,15.86,,,,,,91.86,,0.0,,1.1,0.14,,,
WS_0020D47E,2022-02-15 10:00:00,,16.67,,,,,,87.8,,0.0,,1.1,0.22,,,
WS_0020D47E,2022-02-15 11:00:00,,16.97,,,,,,85.22,,0.0,,0.9,0.28,,,
WS_0020D47E,2022-02-15 12:00:00,,17.97,,,,,,79.78,,0.0,,1.0,0.41,,,
WS_0020D47E,2022-02-15 13:00:00,,17.54,,,,,,80.12,,0.0,,1.0,0.39,,,
WS_0020D47E,2022-02-15 14:00:00,,16.95,,,,,,81.3,,0.0,,0.9,0.35,,,
WS_0020D47E,2022-02-15 15:00:00,,15.98,,,,,,86.11,,0.0,,1.2,0.25,,,
WS_0020D47E,2022-02-15 16:00:00,,14.51,,,,,,93.36,,0.0,,1.5,0.1,,,
WS_0020D47E,2022-02-15 17:00:00,,13.67,,,,,,97.02,,0.0,,1.7,0.04,,,
WS_0020D47E,2022-02-15 18:00:00,,13.16,,,,,,99.56,,0.0,,1.2,0.0,,,
WS_0020D47E,2022-02-15 19:00:00,,13.45,,,,,,100.0,,0.0,,1.0,0.0,,,
WS_0020D47E,2022-02-15 20:00:00,,12.9,,,,,,99.99,,0.0,,1.1,0.0,,,
WS_0020D47E,2022-02-15 21:00:00,,12.34,,,,,,93.2,,0.0,,1.4,0.09,,,
WS_0020D47E,2022-02-15 22:00:00,,11.75,,,,,,87.15,,0.0,,1.5,0.17,,,
WS_0020D47E,2022-02-15 23:00:00,,11.4,,,,,,83.22,,0.0,,1.6,0.22,,,
WS_0020D47E,2022-02-16 00:00:00,,11.69,,,,,,78.27,,0.0,,1.4,0.29,,,
WS_0020D47E,2022-02-16 01:00:00,,11.48,,,,,,79.95,,0.0,,1.8,0.26,,,
WS_0020D47E,2022-02-16 02:00:00,,11.44,,,,,,85.31,,0.0,,2.1,0.19,,,
WS_0020D47E,2022-02-16 03:00:00,,11.19,,,,,,81.42,,0.0,,2.6,0.24,,,
WS_0020D47E,2022-02-16 04:00:00,,10.92,,,,,,81.21,,0.0,,2.5,0.24,,,
WS_0020D47E,2022-02-16 05:00:00,,10.95,,,,,,75.55,,0.0,,2.6,0.31,,,
WS_0020D47E,2022-02-16 06:00:00,,10.4,,,,,,71.74,,0.0,,2.6,0.35,,,
WS_0020D47E,2022-02-16 07:00:00,,10.77,,,,,,70.77,,0.0,,2.8,0.37,,,
WS_0020D47E,2022-02-16 08:00:00,,11.98,,,,,,70.96,,0.0,,3.0,0.4,,,
WS_0020D47E,2022-02-16 09:00:00,,12.68,,,,,,68.96,,0.0,,3.5,0.45,,,
WS_0020D47E,2022-02-16 10:00:00,,13.1,,,,,,69.02,,0.0,,3.8,0.46,,,
WS_0020D47E,2022-02-16 11:00:00,,13.81,,,,,,70.37,,0.0,,3.8,0.46,,,
WS_0020D47E,2022-02-16 12:00:00,,13.45,,,,,,70.8,,0.0,,3.8,0.44,,,
WS_0020D47E,2022-02-16 13:00:00,,13.59,,,,,,69.45,,0.0,,3.3,0.47,,,
WS_0020D47E,2022-02-16 14:00:00,,11.0,,,,,,86.79,,1.0,,3.4,0.18,,,
WS_0020D47E,2022-02-16 15:00:00,,11.32,,,,,,82.66,,0.2,,2.7,0.23,,,
WS_0020D47E,2022-02-16 16:00:00,,10.78,,,,,,78.09,,0.2,,2.8,0.27,,,
WS_0020D47E,2022-02-16 17:00:00,,10.51,,,,,,77.12,,0.0,,2.8,0.28,,,
WS_0020D47E,2022-02-16 18:00:00,,10.39,,,,,,78.51,,0.0,,3.0,0.26,,,
WS_0020D47E,2022-02-16 19:00:00,,10.22,,,,,,80.55,,0.0,,2.3,0.24,,,
WS_0020D47E,2022-02-16 20:00:00,,9.81,,,,,,82.6,,0.0,,2.1,0.21,,,
WS_0020D47E,2022-02-16 21:00:00,,9.39,,,,,,83.03,,0.0,,1.9,0.19,,,
WS_0020D47E,2022-02-16 22:00:00,,8.83,,,,,,84.29,,0.0,,1.4,0.17,,,
WS_0020D47E,2022-02-16 23:00:00,,8.5,,,,,,85.77,,0.0,,1.2,0.15,,,
WS_0020D47E,2022-02-17 00:00:00,,7.84,,,,,,84.8,,0.0,,1.4,0.15,,,
WS_0020D47E,2022-02-17 01:00:00,,7.69,,,,,,82.16,,0.0,,1.1,0.18,,,
WS_0020D47E,2022-02-17 02:00:00,,8.43,,,,,,80.94,,0.0,,1.3,0.2,,,
WS_0020D47E,2022-02-17 03:00:00,,7.6,,,,,,87.4,,0.0,,1.6,0.12,,,
WS_0020D47E,2022-02-17 04:00:00,,7.76,,,,,,89.45,,0.0,,1.4,0.1,,,
WS_0020D47E,2022-02-17 05:00:00,,7.2,,,,,,92.06,,0.0,,1.4,0.08,,,
WS_0020D47E,2022-02-17 06:00:00,,7.55,,,,,,90.4,,0.0,,1.3,0.1,,,
WS_0020D47E,2022-02-17 07:00:00,,10.08,,,,,,80.93,,0.0,,1.2,0.23,,,
WS_0020D47E,2022-02-17 08:00:00,,12.13,,,,,,73.08,,0.0,,1.2,0.38,,,
WS_0020D47E,2022-02-17 09:00:00,,13.24,,,,,,64.96,,0.0,,1.5,0.53,,,
WS_0020D47E,2022-02-17 10:00:00,,14.36,,,,,,62.97,,0.0,,1.5,0.6,,,
WS_0020D47E,2022-02-17 11:00:00,,15.4,,,,,,58.78,,0.0,,1.2,0.71,,,
WS_0020D47E,2022-02-17 12:00:00,,16.07,,,,,,56.16,,0.0,,1.3,0.79,,,
WS_0020D47E,2022-02-17 13:00:00,,16.47,,,,,,56.72,,0.0,,1.2,0.8,,,
WS_0020D47E,2022-02-17 14:00:00,,16.09,,,,,,60.32,,0.0,,1.5,0.72,,,
WS_0020D47E,2022-02-17 15:00:00,,15.59,,,,,,63.76,,0.0,,1.3,0.63,,,
WS_0020D47E,2022-02-17 16:00:00,,14.02,,,,,,72.68,,0.0,,1.9,0.43,,,
WS_0020D47E,2022-02-17 17:00:00,,10.97,,,,,,90.47,,0.0,,1.4,0.12,,,
WS_0020D47E,2022-02-17 18:00:00,,9.6,,,,,,97.38,,0.0,,1.1,0.03,,,
WS_0020D47E,2022-02-17 19:00:00,,9.47,,,,,,98.41,,0.0,,1.2,0.01,,,
WS_0020D47E,2022-02-17 20:00:00,,9.56,,,,,,99.47,,0.0,,1.2,0.0,,,
WS_0020D47E,2022-02-17 21:00:00,,10.39,,,,,,99.8,,0.0,,1.2,0.0,,,
WS_0020D47E,2022-02-17 22:00:00,,10.34,,,,,,99.99,,0.0,,1.1,0.0,,,
WS_0020D47E,2022-02-17 23:00:00,,10.52,,,,,,100.0,,0.0,,1.2,0.0,,,
WS_0020D47E,2022-02-18 00:00:00,,9.89,,,,,,99.99,,0.0,,1.1,0.0,,,
WS_0020D47E,2022-02-18 01:00:00,,10.29,,,,,,99.99,,0.0,,1.1,0.0,,,
WS_0020D47E,2022-02-18 02:00:00,,10.44,,,,,,99.99,,0.0,,1.1,0.0,,,
WS_0020D47E,2022-02-18 03:00:00,,11.41,,,,,,99.99,,0.0,,1.2,0.0,,,
WS_0020D47E,2022-02-18 04:00:00,,11.83,,,,,,99.97,,0.0,,1.5,0.0,,,
WS_0020D47E,2022-02-18 05:00:00,,11.87,,,,,,99.65,,0.0,,1.8,0.0,,,
WS_0020D47E,2022-02-18 06:00:00,,12.44,,,,,,99.37,,0.0,,1.6,0.0,,,
WS_0020D47E,2022-02-18 07:00:00,,13.31,,,,,,97.44,,0.0,,1.8,0.03,,,
WS_0020D47E,2022-02-18 08:00:00,,14.03,,,,,,93.68,,0.0,,2.0,0.09,,,
WS_0020D47E,2022-02-18 09:00:00,,15.11,,,,,,88.61,,0.0,,2.3,0.19,,,
WS_0020D47E,2022-02-18 10:00:00,,16.15,,,,,,82.17,,0.0,,2.5,0.32,,,
WS_0020D47E,2022-02-18 11:00:00,,16.55,,,,,,79.92,,0.0,,2.5,0.37,,,
WS_0020D47E,2022-02-18 12:00:00,,17.31,,,,,,75.91,,0.0,,2.4,0.47,,,
WS_0020D47E,2022-02-18 13:00:00,,17.38,,,,,,74.69,,0.0,,2.2,0.5,,,
WS_0020D47E,2022-02-18 14:00:00,,16.92,,,,,,76.71,,0.0,,2.1,0.44,,,
WS_0020D47E,2022-02-18 15:00:00,,15.89,,,,,,81.19,,0.0,,2.4,0.33,,,
WS_0020D47E,2022-02-18 16:00:00,,13.89,,,,,,89.9,,0.0,,2.4,0.15,,,
WS_0020D47E,2022-02-18 17:00:00,,12.68,,,,,,96.11,,0.0,,2.0,0.05,,,
WS_0020D47E,2022-02-18 18:00:00,,12.48,,,,,,97.23,,0.0,,1.3,0.03,,,
WS_0020D47E,2022-02-18 19:00:00,,11.42,,,,,,98.72,,0.0,,1.2,0.01,,,
WS_0020D47E,2022-02-18 20:00:00,,10.75,,,,,,99.53,,0.0,,1.0,0.0,,,
WS_0020D47E,2022-02-18 21:00:00,,10.65,,,,,,99.99,,0.0,,1.0,0.0,,,
WS_0020D47E,2022-02-18 22:00:00,,11.6,,,,,,99.91,,0.4,,1.0,0.0,,,
WS_0020D47E,2022-02-18 23:00:00,,11.8,,,,,,98.83,,0.0,,1.2,0.01,,,
WS_0020D47E,2022-02-19 00:00:00,,12.01,,,,,,98.4,,0.0,,1.1,0.02,,,
WS_0020D47E,2022-02-19 01:00:00,,12.24,,,,,,97.2,,0.0,,1.0,0.03,,,
WS_0020D47E,2022-02-19 02:00:00,,12.59,,,,,,93.59,,0.0,,1.3,0.09,,,
WS_0020D47E,2022-02-19 03:00:00,,12.52,,,,,,91.61,,0.0,,1.3,0.11,,,
WS_0020D47E,2022-02-19 04:00:00,,12.46,,,,,,90.25,,0.0,,1.4,0.13,,,
WS_0020D47E,2022-02-19 05:00:00,,12.51,,,,,,89.97,,0.0,,1.5,0.14,,,
WS_0020D47E,2022-02-19 06:00:00,,12.64,,,,,,90.29,,0.0,,1.6,0.13,,,
WS_0020D47E,2022-02-19 07:00:00,,13.15,,,,,,89.1,,0.0,,1.8,0.16,,,
WS_0020D47E,2022-02-19 08:00:00,,14.02,,,,,,87.1,,0.0,,1.6,0.2,,,
WS_0020D47E,2022-02-19 09:00:00,,14.92,,,,,,84.39,,0.0,,1.7,0.26,,,
WS_0020D47E,2022-02-19 10:00:00,,15.67,,,,,,82.18,,0.0,,2.2,0.31,,,
WS_0020D47E,2022-02-19 11:00:00,,16.12,,,,,,81.19,,0.0,,2.6,0.34,,,
WS_0020D47E,2022-02-19 12:00:00,,16.49,,,,,,82.03,,0.0,,2.4,0.33,,,
WS_0020D47E,2022-02-19 13:00:00,,15.92,,,,,,86.48,,0.0,,2.5,0.24,,,
WS_0020D47E,2022-02-19 14:00:00,,15.38,,,,,,88.56,,0.0,,2.3,0.2,,,
WS_0020D47E,2022-02-19 15:00:00,,14.95,,,,,,89.82,,0.0,,2.4,0.16,,,
WS_0020D47E,2022-02-19 16:00:00,,14.09,,,,,,94.28,,0.0,,1.9,0.08,,,
WS_0020D47E,2022-02-19 17:00:00,,13.62,,,,,,97.49,,0.0,,1.3,0.03,,,
WS_0020D47E,2022-02-19 18:00:00,,13.77,,,,,,97.78,,0.0,,1.4,0.03,,,
WS_0020D47E,2022-02-19 19:00:00,,13.9,,,,,,98.55,,0.0,,1.5,0.02,,,
WS_0020D47E,2022-02-19 20:00:00,,13.81,,,,,,99.63,,0.0,,1.5,0.0,,,
WS_0020D47E,2022-02-19 21:00:00,,13.77,,,,,,100.0,,0.0,,1.3,0.0,,,
WS_0020D47E,2022-02-19 22:00:00,,13.58,,,,,,99.99,,0.0,,1.4,0.0,,,
WS_0020D47E,2022-02-19 23:00:00,,13.09,,,,,,100.0,,0.0,,1.2,0.0,,,
WS_0020D47E,2022-02-20 00:00:00,,13.34,,,,,,99.99,,0.0,,1.1,0.0,,,
WS_0020D47E,2022-02-20 01:00:00,,13.27,,,,,,100.0,,0.0,,1.1,0.0,,,
WS_0020D47E,2022-02-20 02:00:00,,13.9,,,,,,99.44,,0.0,,1.2,0.01,,,
WS_0020D47E,2022-02-20 03:00:00,,14.16,,,,,,99.45,,0.0,,1.5,0.01,,,
WS_0020D47E,2022-02-20 04:00:00,,14.02,,,,,,100.0,,0.0,,1.3,0.0,,,
WS_0020D47E,2022-02-20 05:00:00,,13.99,,,,,,99.99,,0.0,,1.1,0.0,,,
WS_0020D47E,2022-02-20 06:00:00,,14.39,,,,,,99.99,,0.0,,1.2,0.0,,,
WS_0020D47E,2022-02-20 07:00:00,,14.81,,,,,,99.99,,0.0,,1.1,0.0,,,
WS_0020D47E,2022-02-20 08:00:00,,15.14,,,,,,97.26,,0.0,,1.6,0.04,,,
WS_0020D47E,2022-02-20 09:00:00,,15.64,,,,,,91.85,,0.0,,2.2,0.14,,,
WS_0020D47E,2022-02-20 10:00:00,,15.77,,,,,,90.77,,0.0,,2.2,0.16,,,
WS_0020D47E,2022-02-20 11:00:00,,16.21,,,,,,88.21,,0.0,,2.7,0.21,,,
WS_0020D47E,2022-02-20 12:00:00,,15.51,,,,,,89.31,,0.0,,2.7,0.18,,,
WS_0020D47E,2022-02-20 13:00:00,,14.81,,,,,,91.25,,0.0,,2.5,0.14,,,
WS_0020D47E,2022-02-20 14:00:00,,14.46,,,,,,92.3,,0.0,,2.1,0.12,,,
WS_0020D47E,2022-02-20 15:00:00,,14.32,,,,,,93.14,,0.0,,2.2,0.1,,,
WS_0020D47E,2022-02-20 16:00:00,,13.81,,,,,,93.71,,0.0,,2.2,0.09,,,
WS_0020D47E,2022-02-20 17:00:00,,13.63,,,,,,94.51,,0.0,,1.7,0.08,,,
WS_0020D47E,2022-02-20 18:00:00,,13.71,,,,,,94.62,,0.0,,2.0,0.08,,,
WS_0020D47E,2022-02-20 19:00:00,,13.3,,,,,,93.94,,0.0,,2.2,0.09,,,
WS_0020D47E,2022-02-20 20:00:00,,12.92,,,,,,94.6,,0.0,,2.5,0.07,,,
WS_0020D47E,2022-02-20 21:00:00,,12.72,,,,,,95.62,,0.0,,2.5,0.06,,,
WS_0020D47E,2022-02-20 22:00:00,,12.48,,,,,,94.33,,0.0,,2.4,0.07,,,
WS_0020D47E,2022-02-20 23:00:00,,12.21,,,,,,93.9,,0.0,,2.9,0.08,,,
WS_0020D47E,2022-02-21 00:00:00,,12.13,,,,,,92.91,,0.0,,2.5,0.09,,,
WS_0020D47E,2022-02-21 01:00:00,,11.92,,,,,,91.65,,0.0,,2.9,0.11,,,
WS_0020D47E,2022-02-21 02:00:00,,11.78,,,,,,92.2,,0.0,,2.6,0.1,,,
WS_0020D47E,2022-02-21 03:00:00,,11.58,,,,,,91.66,,0.0,,2.4,0.1,,,
WS_0020D47E,2022-02-21 04:00:00,,11.66,,,,,,90.68,,0.0,,2.3,0.12,,,
WS_0020D47E,2022-02-21 05:00:00,,11.32,,,,,,89.37,,0.0,,1.9,0.14,,,
WS_0020D47E,2022-02-21 06:00:00,,11.48,,,,,,87.61,,0.0,,1.7,0.16,,,
WS_0020D47E,2022-02-21 07:00:00,,12.35,,,,,,81.96,,0.0,,2.1,0.25,,,
WS_0020D47E,2022-02-21 08:00:00,,13.21,,,,,,78.44,,0.0,,2.6,0.32,,,
WS_0020D47E,2022-02-21 09:00:00,,13.82,,,,,,77.19,,0.0,,3.2,0.35,,,
WS_0020D47E,2022-02-21 10:00:00,,14.36,,,,,,73.16,,0.0,,3.7,0.43,,,
WS_0020D47E,2022-02-21 11:00:00,,14.73,,,,,,69.45,,0.0,,4.0,0.5,,,
WS_0020D47E,2022-02-21 12:00:00,,15.52,,,,,,70.76,,0.0,,3.9,0.51,,,
WS_0020D47E,2022-02-21 13:00:00,,14.95,,,,,,73.56,,0.0,,3.8,0.44,,,
WS_0020D47E,2022-02-21 14:00:00,,14.85,,,,,,72.81,,0.0,,3.8,0.45,,,
WS_0020D47E,2022-02-21 15:00:00,,13.59,,,,,,82.48,,0.0,,3.5,0.26,,,
WS_0020D47E,2022-02-21 16:00:00,,13.14,,,,,,87.99,,0.0,,3.5,0.17,,,
WS_0020D47E,2022-02-21 17:00:00,,13.04,,,,,,85.22,,0.0,,3.7,0.21,,,
WS_0020D47E,2022-02-21 18:00:00,,12.74,,,,,,83.29,,0.0,,3.8,0.24,,,
WS_0020D47E,2022-02-21 19:00:00,,12.63,,,,,,84.6,,0.0,,3.6,0.22,,,
WS_0020D47E,2022-02-21 20:00:00,,12.56,,,,,,82.49,,0.0,,3.8,0.24,,,
WS_0020D47E,2022-02-21 21:00:00,,12.22,,,,,,82.81,,0.0,,3.4,0.24,,,
WS_0020D47E,2022-02-21 22:00:00,,12.61,,,,,,80.87,,0.0,,3.4,0.27,,,
WS_0020D47E,2022-02-21 23:00:00,,12.91,,,,,,81.22,,0.0,,3.7,0.27,,,
WS_0020D47E,2022-02-22 00:00:00,,12.76,,,,,,82.58,,0.0,,3.9,0.25,,,
WS_0020D47E,2022-02-22 01:00:00,,12.6,,,,,,83.32,,0.0,,3.7,0.23,,,
WS_0020D47E,2022-02-22 02:00:00,,12.37,,,,,,84.11,,0.0,,3.7,0.22,,,
WS_0020D47E,2022-02-22 03:00:00,,12.62,,,,,,83.83,,0.0,,3.7,0.23,,,
WS_0020D47E,2022-02-22 04:00:00,,12.83,,,,,,77.04,,0.0,,4.3,0.33,,,
WS_0020D47E,2022-02-22 05:00:00,,12.48,,,,,,66.17,,0.0,,4.1,0.48,,,
WS_0020D47E,2022-02-22 06:00:00,,12.2,,,,,,67.97,,0.0,,3.9,0.45,,,
WS_0020D47E,2022-02-22 07:00:00,,12.05,,,,,,67.47,,0.0,,3.6,0.45,,,
WS_0020D47E,2022-02-22 08:00:00,,11.45,,,,,,68.75,,0.0,,3.4,0.41,,,
WS_0020D47E,2022-02-22 09:00:00,,12.62,,,,,,72.92,,0.0,,3.5,0.39,,,
WS_0020D47E,2022-02-22 10:00:00,,14.17,,,,,,66.62,,0.0,,4.1,0.53,,,
WS_0020D47E,2022-02-22 11:00:00,,14.5,,,,,,66.87,,0.0,,4.1,0.54,,,
WS_0020D47E,2022-02-22 12:00:00,,14.98,,,,,,64.41,,0.0,,4.4,0.6,,,
WS_0020D47E,2022-02-22 13:00:00,,14.73,,,,,,62.51,,0.0,,4.7,0.62,,,
WS_0020D47E,2022-02-22 14:00:00,,14.97,,,,,,64.1,,0.0,,5.3,0.6,,,
WS_0020D47E,2022-02-22 15:00:00,,14.56,,,,,,68.33,,0.0,,5.2,0.52,,,
WS_0020D47E,2022-02-22 16:00:00,,13.89,,,,,,68.7,,0.0,,4.9,0.49,,,
WS_0020D47E,2022-02-22 17:00:00,,13.15,,,,,,70.24,,0.0,,4.4,0.44,,,
WS_0020D47E,2022-02-22 18:00:00,,12.58,,,,,,60.87,,0.0,,3.8,0.56,,,
WS_0020D47E,2022-02-22 19:00:00,,12.43,,,,,,57.69,,0.0,,2.7,0.6,,,
WS_0020D47E,2022-02-22 20:00:00,,12.13,,,,,,55.45,,0.0,,2.2,0.62,,,
WS_0020D47E,2022-02-22 21:00:00,,12.03,,,,,,50.14,,0.0,,2.1,0.69,,,
WS_0020D47E,2022-02-22 22:00:00,,11.93,,,,,,50.68,,0.0,,2.0,0.68,,,
WS_0020D47E,2022-02-22 23:00:00,,11.66,,,,,,56.81,,0.0,,2.1,0.58,,,
WS_0020D47E,2022-02-23 00:00:00,,11.5,,,,,,57.03,,0.0,,2.0,0.57,,,
WS_0020D47E,2022-02-23 01:00:00,,11.14,,,,,,58.35,,0.0,,1.4,0.54,,,
WS_0020D47E,2022-02-23 02:00:00,,11.03,,,,,,53.9,,0.0,,1.4,0.6,,,
WS_0020D47E,2022-02-23 03:00:00,,10.83,,,,,,52.93,,0.0,,1.3,0.6,,,
WS_0020D47E,2022-02-23 04:00:00,,10.39,,,,,,53.31,,0.0,,1.0,0.58,,,
WS_0020D47E,2022-02-23 05:00:00,,8.58,,,,,,65.74,,0.0,,1.0,0.37,,,
WS_0020D47E,2022-02-23 06:00:00,,9.92,,,,,,57.88,,0.0,,1.1,0.51,,,
WS_0020D47E,2022-02-23 07:00:00,,10.47,,,,,,55.66,,0.0,,1.2,0.55,,,
WS_0020D47E,2022-02-23 08:00:00,,11.84,,,,,,53.45,,0.0,,1.2,0.64,,,
WS_0020D47E,2022-02-23 09:00:00,,12.48,,,,,,52.33,,0.0,,1.1,0.68,,,
WS_0020D47E,2022-02-23 10:00:00,,13.33,,,,,,52.02,,0.0,,1.3,0.72,,,
WS_0020D47E,2022-02-23 11:00:00,,14.32,,,,,,48.03,,0.0,,1.2,0.84,,,
WS_0020D47E,2022-02-23 12:00:00,,15.22,,,,,,48.91,,0.0,,1.1,0.87,,,
WS_0020D47E,2022-02-23 13:00:00,,15.68,,,,,,47.13,,0.0,,1.0,0.93,,,
WS_0020D47E,2022-02-23 14:00:00,,15.71,,,,,,44.71,,0.0,,0.9,0.98,,,
WS_0020D47E,2022-02-23 15:00:00,,15.38,,,,,,44.08,,0.0,,0.9,0.97,,,
WS_0020D47E,2022-02-23 16:00:00,,14.46,,,,,,50.51,,0.0,,1.0,0.81,,,
WS_0020D47E,2022-02-23 17:00:00,,12.16,,,,,,62.08,,0.0,,1.0,0.53,,,
WS_0020D47E,2022-02-23 18:00:00,,9.98,,,,,,73.94,,0.0,,1.0,0.31,,,
WS_0020D47E,2022-02-23 19:00:00,,10.3,,,,,,75.71,,0.0,,1.4,0.3,,,
WS_0020D47E,2022-02-23 20:00:00,,9.56,,,,,,80.61,,0.0,,0.9,0.22,,,
WS_0020D47E,2022-02-23 21:00:00,,8.68,,,,,,84.7,,0.0,,1.0,0.16,,,
WS_0020D47E,2022-02-23 22:00:00,,8.65,,,,,,86.89,,0.0,,0.8,0.14,,,
WS_0020D47E,2022-02-23 23:00:00,,7.7,,,,,,93.27,,0.0,,0.8,0.06,,,
WS_0020D47E,2022-02-24 00:00:00,,6.86,,,,,,95.33,,0.0,,0.7,0.04,,,
WS_0020D47E,2022-02-24 01:00:00,,6.51,,,,,,97.23,,0.0,,0.8,0.02,,,
WS_0020D47E,2022-02-24 02:00:00,,6.43,,,,,,97.66,,0.0,,0.8,0.01,,,
WS_0020D47E,2022-02-24 03:00:00,,6.62,,,,,,97.41,,0.0,,0.7,0.01,,,
WS_0020D47E,2022-02-24 04:00:00,,6.11,,,,,,97.32,,0.0,,0.8,0.02,,,
WS_0020D47E,2022-02-24 05:00:00,,5.12,,,,,,95.69,,0.0,,0.8,0.03,,,
WS_0020D47E,2022-02-24 06:00:00,,5.53,,,,,,91.36,,0.0,,0.9,0.07,,,
WS_0020D47E,2022-02-24 07:00:00,,8.57,,,,,,86.92,,0.0,,0.9,0.14,,,
WS_0020D47E,2022-02-24 08:00:00,,12.19,,,,,,76.22,,0.4,,0.9,0.33,,,
WS_0020D47E,2022-02-24 09:00:00,,13.55,,,,,,57.85,,0.0,,0.9,0.66,,,
WS_0020D47E,2022-02-24 10:00:00,,15.62,,,,,,42.18,,0.0,,0.7,1.02,,,
WS_0020D47E,2022-02-24 11:00:00,,17.01,,,,,,49.76,,0.0,,0.7,0.97,,,
WS_0020D47E,2022-02-24 12:00:00,,16.33,,,,,,57.6,,0.0,,1.8,0.78,,,
WS_0020D47E,2022-02-24 13:00:00,,16.47,,,,,,54.2,,0.0,,1.8,0.85,,,
WS_0020D47E,2022-02-24 14:00:00,,15.84,,,,,,56.01,,0.0,,1.7,0.78,,,
WS_0020D47E,2022-02-24 15:00:00,,14.53,,,,,,58.5,,0.0,,1.6,0.68,,,
WS_0020D47E,2022-02-24 16:00:00,,13.68,,,,,,63.84,,0.0,,1.4,0.56,,,
WS_0020D47E,2022-02-24 17:00:00,,12.0,,,,,,71.72,,0.0,,1.1,0.39,,,
WS_0020D47E,2022-02-24 18:00:00,,10.67,,,,,,76.32,,0.0,,1.1,0.3,,,
WS_0020D47E,2022-02-24 19:00:00,,8.88,,,,,,82.73,,0.0,,0.8,0.19,,,
WS_0020D47E,2022-02-24 20:00:00,,8.78,,,,,,80.5,,0.0,,1.0,0.21,,,
WS_0020D47E,2022-02-24 21:00:00,,9.78,,,,,,75.35,,0.0,,1.1,0.29,,,
WS_0020D47E,2022-02-24 22:00:00,,10.2,,,,,,76.88,,0.0,,1.2,0.28,,,
WS_0020D47E,2022-02-24 23:00:00,,10.16,,,,,,79.64,,0.0,,1.2,0.24,,,
WS_0020D47E,2022-02-25 00:00:00,,9.82,,,,,,80.9,,0.0,,1.1,0.23,,,
WS_0020D47E,2022-02-25 01:00:00,,10.36,,,,,,81.76,,0.0,,1.2,0.22,,,
WS_0020D47E,2022-02-25 02:00:00,,10.84,,,,,,81.45,,0.0,,1.3,0.23,,,
WS_0020D47E,2022-02-25 03:00:00,,11.12,,,,,,81.94,,0.0,,1.6,0.23,,,
WS_0020D47E,2022-02-25 04:00:00,,10.57,,,,,,85.16,,0.0,,1.6,0.18,,,
WS_0020D47E,2022-02-25 05:00:00,,10.58,,,,,,83.94,,0.0,,1.5,0.2,,,
WS_0020D47E,2022-02-25 06:00:00,,11.16,,,,,,84.32,,0.0,,1.5,0.2,,,
WS_0020D47E,2022-02-25 07:00:00,,12.65,,,,,,80.49,,0.0,,1.6,0.28,,,
WS_0020D47E,2022-02-25 08:00:00,,13.58,,,,,,78.46,,0.0,,1.9,0.33,,,
WS_0020D47E,2022-02-25 09:00:00,,14.43,,,,,,77.26,,0.0,,1.9,0.37,,,
WS_0020D47E,2022-02-25 10:00:00,,15.41,,,,,,77.27,,0.0,,2.0,0.39,,,
WS_0020D47E,2022-02-25 11:00:00,,16.39,,,,,,75.09,,0.0,,2.3,0.45,,,
WS_0020D47E,2022-02-25 12:00:00,,16.18,,,,,,76.78,,0.0,,2.4,0.42,,,
WS_0020D47E,2022-02-25 13:00:00,,16.28,,,,,,76.73,,0.0,,2.4,0.42,,,
WS_0020D47E,2022-02-25 14:00:00,,16.24,,,,,,76.7,,0.0,,2.5,0.42,,,
WS_0020D47E,2022-02-25 15:00:00,,15.61,,,,,,80.32,,0.0,,2.4,0.34,,,
WS_0020D47E,2022-02-25 16:00:00,,14.99,,,,,,83.01,,0.0,,2.1,0.28,,,
WS_0020D47E,2022-02-25 17:00:00,,13.06,,,,,,93.27,,0.0,,1.7,0.1,,,
WS_0020D47E,2022-02-25 18:00:00,,12.41,,,,,,96.76,,0.0,,1.6,0.04,,,
WS_0020D47E,2022-02-25 19:00:00,,12.06,,,,,,97.89,,0.0,,1.3,0.02,,,
WS_0020D47E,2022-02-25 20:00:00,,11.21,,,,,,99.24,,0.0,,1.0,0.0,,,
WS_0020D47E,2022-02-25 21:00:00,,10.96,,,,,,99.98,,0.0,,0.8,0.0,,,
WS_0020D47E,2022-02-25 22:00:00,,10.7,,,,,,99.77,,0.0,,1.0,0.0,,,
WS_0020D47E,2022-02-25 23:00:00,,9.96,,,,,,99.42,,0.0,,1.0,0.0,,,
WS_0020D47E,2022-02-26 00:00:00,,9.56,,,,,,99.95,,0.0,,1.0,0.0,,,
WS_0020D47E,2022-02-26 01:00:00,,9.27,,,,,,100.0,,0.0,,1.0,0.0,,,
WS_0020D47E,2022-02-26 02:00:00,,8.69,,,,,,99.99,,0.4,,0.9,0.0,,,
WS_0020D47E,2022-02-26 03:00:00,,8.73,,,,,,99.99,,0.4,,0.8,0.0,,,
WS_0020D47E,2022-02-26 04:00:00,,8.5,,,,,,99.99,,0.0,,1.0,0.0,,,
WS_0020D47E,2022-02-26 05:00:00,,8.93,,,,,,99.99,,0.2,,1.1,0.0,,,
WS_0020D47E,2022-02-26 06:00:00,,10.08,,,,,,99.99,,0.0,,1.2,0.0,,,
WS_0020D47E,2022-02-26 07:00:00,,12.06,,,,,,95.03,,0.0,,1.2,0.06,,,
WS_0020D47E,2022-02-26 08:00:00,,13.66,,,,,,90.71,,0.0,,2.0,0.14,,,
WS_0020D47E,2022-02-26 09:00:00,,14.58,,,,,,86.46,,0.0,,2.4,0.22,,,
WS_0020D47E,2022-02-26 10:00:00,,15.29,,,,,,79.59,,0.0,,3.0,0.35,,,
WS_0020D47E,2022-02-26 11:00:00,,16.07,,,,,,75.43,,0.0,,3.2,0.44,,,
WS_0020D47E,2022-02-26 12:00:00,,15.84,,,,,,75.46,,0.0,,3.4,0.43,,,
WS_0020D47E,2022-02-26 13:00:00,,15.51,,,,,,73.69,,0.0,,3.6,0.45,,,
WS_0020D47E,2022-02-26 14:00:00,,15.12,,,,,,71.43,,0.0,,3.6,0.48,,,
WS_0020D47E,2022-02-26 15:00:00,,14.17,,,,,,76.0,,0.0,,3.4,0.38,,,
WS_0020D47E,2022-02-26 16:00:00,,13.14,,,,,,76.74,,0.0,,3.2,0.34,,,
WS_0020D47E,2022-02-26 17:00:00,,12.29,,,,,,75.49,,0.0,,3.2,0.34,,,
WS_0020D47E,2022-02-26 18:00:00,,11.83,,,,,,79.62,,0.0,,2.9,0.27,,,
WS_0020D47E,2022-02-26 19:00:00,,11.69,,,,,,82.6,,0.0,,2.7,0.23,,,
WS_0020D47E,2022-02-26 20:00:00,,11.37,,,,,,81.93,,0.0,,2.7,0.23,,,
WS_0020D47E,2022-02-26 21:00:00,,10.62,,,,,,78.5,,0.0,,2.3,0.27,,,
WS_0020D47E,2022-02-26 22:00:00,,10.25,,,,,,75.65,,0.0,,2.4,0.3,,,
WS_0020D47E,2022-02-26 23:00:00,,10.18,,,,,,70.82,,0.0,,2.5,0.35,,,
WS_0020D47E,2022-02-27 00:00:00,,10.49,,,,,,67.08,,0.0,,2.5,0.41,,,
WS_0020D47E,2022-02-27 01:00:00,,10.48,,,,,,67.5,,0.0,,2.7,0.4,,,
WS_0020D47E,2022-02-27 02:00:00,,10.21,,,,,,64.28,,0.0,,2.9,0.43,,,
WS_0020D47E,2022-02-27 03:00:00,,9.97,,,,,,64.39,,0.0,,2.7,0.43,,,
WS_0020D47E,2022-02-27 04:00:00,,10.2,,,,,,65.97,,0.0,,2.9,0.41,,,
WS_0020D47E,2022-02-27 05:00:00,,10.3,,,,,,63.94,,0.0,,2.7,0.44,,,
WS_0020D47E,2022-02-27 06:00:00,,10.43,,,,,,65.57,,0.0,,2.7,0.43,,,
WS_0020D47E,2022-02-27 07:00:00,,10.81,,,,,,59.25,,0.0,,2.7,0.52,,,
WS_0020D47E,2022-02-27 08:00:00,,11.67,,,,,,55.7,,0.0,,3.1,0.6,,,
WS_0020D47E,2022-02-27 09:00:00,,12.21,,,,,,56.42,,0.0,,3.1,0.61,,,
WS_0020D47E,2022-02-27 10:00:00,,12.98,,,,,,56.74,,0.0,,3.1,0.64,,,
WS_0020D47E,2022-02-27 11:00:00,,13.28,,,,,,57.74,,0.0,,3.1,0.64,,,
WS_0020D47E,2022-02-27 12:00:00,,13.37,,,,,,57.67,,0.0,,3.4,0.64,,,
WS_0020D47E,2022-02-27 13:00:00,,13.36,,,,,,56.93,,0.0,,3.3,0.65,,,
WS_0020D47E,2022-02-27 14:00:00,,13.83,,,,,,51.75,,0.0,,3.3,0.75,,,
WS_0020D47E,2022-02-27 15:00:00,,12.44,,,,,,58.54,,0.0,,3.1,0.59,,,
WS_0020D47E,2022-02-27 16:00:00,,11.86,,,,,,64.33,,0.0,,2.5,0.49,,,
WS_0020D47E,2022-02-27 17:00:00,,11.21,,,,,,59.87,,0.0,,2.5,0.52,,,
WS_0020D47E,2022-02-27 18:00:00,,10.87,,,,,,63.02,,0.0,,2.3,0.47,,,
WS_0020D47E,2022-02-27 19:00:00,,10.74,,,,,,61.56,,0.0,,2.4,0.49,,,
WS_0020D47E,2022-02-27 20:00:00,,10.74,,,,,,60.19,,0.0,,2.6,0.5,,,
WS_0020D47E,2022-02-27 21:00:00,,10.48,,,,,,59.01,,0.0,,2.1,0.51,,,
WS_0020D47E,2022-02-27 22:00:00,,10.48,,,,,,61.94,,0.0,,2.1,0.47,,,
WS_0020D47E,2022-02-27 23:00:00,,10.32,,,,,,61.93,,0.0,,2.1,0.47,,,
WS_0020D47E,2022-02-28 00:00:00,,10.23,,,,,,55.16,,0.0,,2.5,0.55,,,
WS_0020D47E,2022-02-28 01:00:00,,9.68,,,,,,57.02,,0.0,,2.1,0.51,,,
WS_0020D47E,2022-02-28 02:00:00,,9.7,,,,,,56.72,,0.0,,2.1,0.51,,,
WS_0020D47E,2022-02-28 03:00:00,,10.04,,,,,,59.07,,0.0,,2.0,0.49,,,
WS_0020D47E,2022-02-28 04:00:00,,10.12,,,,,,60.0,,0.0,,1.9,0.49,,,
WS_0020D47E,2022-02-28 05:00:00,,9.85,,,,,,61.89,,0.0,,1.7,0.45,,,
WS_0020D47E,2022-02-28 06:00:00,,9.72,,,,,,64.69,,0.0,,1.8,0.42,,,
WS_0020D47E,2022-02-28 07:00:00,,10.0,,,,,,68.54,,0.0,,1.4,0.38,,,
WS_0020D47E,2022-02-28 08:00:00,,11.12,,,,,,65.54,,0.0,,1.7,0.45,,,
WS_0020D47E,2022-02-28 09:00:00,,11.78,,,,,,63.06,,0.0,,2.0,0.5,,,
WS_0020D47E,2022-02-28 10:00:00,,11.94,,,,,,66.3,,0.0,,1.9,0.46,,,
WS_0020D47E,2022-02-28 11:00:00,,12.64,,,,,,66.02,,0.0,,1.8,0.49,,,
WS_0020D47E,2022-02-28 12:00:00,,13.17,,,,,,60.61,,0.0,,1.8,0.59,,,
WS_0020D47E,2022-02-28 13:00:00,,13.13,,,,,,62.29,,0.0,,1.9,0.56,,,
WS_0020D47E,2022-02-28 14:00:00,,12.83,,,,,,60.43,,0.0,,1.8,0.58,,,
WS_0020D47E,2022-02-28 15:00:00,,11.87,,,,,,66.68,,0.0,,1.6,0.46,,,
WS_0020D47E,2022-02-28 16:00:00,,11.38,,,,,,69.26,,0.0,,1.6,0.4,,,
WS_0020D47E,2022-02-28 17:00:00,,10.68,,,,,,71.34,,0.0,,1.3,0.36,,,
WS_0020D47E,2022-02-28 18:00:00,,9.89,,,,,,77.03,,0.0,,0.9,0.27,,,
WS_0020D47E,2022-02-28 19:00:00,,9.61,,,,,,78.55,,0.0,,0.9,0.25,,,
WS_0020D47E,2022-02-28 20:00:00,,9.49,,,,,,78.99,,0.0,,0.9,0.24,,,
WS_0020D47E,2022-02-28 21:00:00,,9.02,,,,,,83.42,,0.0,,0.9,0.18,,,
WS_0020D47E,2022-02-28 22:00:00,,8.8,,,,,,86.04,,0.0,,0.9,0.15,,,
WS_0020D47E,2022-02-28 23:00:00,,9.0,,,,,,86.11,,0.0,,0.9,0.15,,,
WS_0020D47E,2022-03-01 00:00:00,,8.81,,,,,,92.29,,0.6,,0.9,0.08,,,
WS_0020D47E,2022-03-01 01:00:00,,8.27,,,,,,96.99,,0.0,,0.9,0.03,,,
WS_0020D47E,2022-03-01 02:00:00,,8.05,,,,,,98.33,,0.0,,1.0,0.01,,,
WS_0020D47E,2022-03-01 03:00:00,,7.38,,,,,,98.47,,0.0,,0.9,0.01,,,
WS_0020D47E,2022-03-01 04:00:00,,6.7,,,,,,97.44,,0.0,,1.0,0.02,,,
WS_0020D47E,2022-03-01 05:00:00,,6.79,,,,,,94.56,,0.0,,1.0,0.05,,,
WS_0020D47E,2022-03-01 06:00:00,,8.02,,,,,,90.02,,0.0,,1.0,0.1,,,
WS_0020D47E,2022-03-01 07:00:00,,9.49,,,,,,90.4,,0.0,,0.9,0.11,,,
WS_0020D47E,2022-03-01 08:00:00,,11.32,,,,,,81.87,,0.2,,0.7,0.24,,,
WS_0020D47E,2022-03-01 09:00:00,,12.46,,,,,,75.5,,0.6,,0.3,0.35,,,
WS_0020D47E,2022-03-01 10:00:00,,13.04,,,,,,73.41,,0.0,,0.4,0.4,,,
WS_0020D47E,2022-03-01 11:00:00,,10.74,,,,,,91.76,,1.6,,0.6,0.1,,,
WS_0020D47E,2022-03-01 12:00:00,,13.1,,,,,,76.26,,0.0,,0.5,0.36,,,
WS_0020D47E,2022-03-01 13:00:00,,13.96,,,,,,64.34,,0.0,,1.2,0.56,,,
WS_0020D47E,2022-03-01 14:00:00,,12.85,,,,,,64.88,,0.0,,1.8,0.52,,,
WS_0020D47E,2022-03-01 15:00:00,,12.27,,,,,,68.91,,0.0,,1.8,0.44,,,
WS_0020D47E,2022-03-01 16:00:00,,11.05,,,,,,71.89,,0.0,,2.3,0.36,,,
WS_0020D47E,2022-03-01 17:00:00,,10.37,,,,,,70.99,,0.0,,2.1,0.36,,,
WS_0020D47E,2022-03-02 01:00:00,,7.11,,,,,,67.1,,0.0,,1.0,0.33,,,
WS_0020D47E,2022-03-02 02:00:00,,7.17,,,,,,66.1,,0.0,,1.1,0.34,,,
WS_0020D47E,2022-03-02 03:00:00,,6.94,,,,,,66.4,,0.0,,0.9,0.33,,,
WS_0020D47E,2022-03-02 04:00:00,,6.43,,,,,,73.81,,0.0,,1.0,0.25,,,
WS_0020D47E,2022-03-02 05:00:00,,6.07,,,,,,72.53,,0.0,,1.0,0.25,,,
WS_0020D47E,2022-03-02 06:00:00,,7.16,,,,,,70.62,,0.0,,1.1,0.29,,,
WS_0020D47E,2022-03-02 07:00:00,,9.32,,,,,,64.69,,0.0,,1.2,0.41,,,
WS_0020D47E,2022-03-02 08:00:00,,9.87,,,,,,64.78,,0.0,,1.3,0.42,,,
WS_0020D47E,2022-03-02 09:00:00,,10.77,,,,,,62.38,,0.0,,1.8,0.48,,,
WS_0020D47E,2022-03-02 10:00:00,,11.93,,,,,,60.99,,0.0,,1.9,0.54,,,
WS_0020D47E,2022-03-02 11:00:00,,12.92,,,,,,55.71,,0.0,,2.2,0.65,,,
WS_0020D47E,2022-03-02 12:00:00,,12.32,,,,,,57.9,,0.0,,2.2,0.6,,,
WS_0020D47E,2022-03-02 13:00:00,,13.48,,,,,,52.08,,0.0,,2.1,0.73,,,
WS_0020D47E,2022-03-02 14:00:00,,12.61,,,,,,54.0,,0.0,,1.8,0.66,,,
WS_0020D47E,2022-03-02 15:00:00,,12.8,,,,,,53.56,,0.0,,2.1,0.68,,,
WS_0020D47E,2022-03-02 16:00:00,,11.93,,,,,,55.74,,0.0,,1.8,0.61,,,
WS_0020D47E,2022-03-02 17:00:00,,10.34,,,,,,62.55,,0.0,,1.4,0.46,,,
WS_0020D47E,2022-03-02 18:00:00,,9.13,,,,,,68.17,,0.0,,1.3,0.36,,,
WS_0020D47E,2022-03-02 19:00:00,,8.62,,,,,,74.28,,0.0,,1.3,0.28,,,
WS_0020D47E,2022-03-02 20:00:00,,8.07,,,,,,76.93,,0.0,,1.1,0.24,,,
WS_0020D47E,2022-03-02 21:00:00,,8.0,,,,,,77.04,,0.0,,1.1,0.24,,,
WS_0020D47E,2022-03-02 22:00:00,,6.83,,,,,,82.23,,0.0,,0.9,0.17,,,
WS_0020D47E,2022-03-02 23:00:00,,7.62,,,,,,81.43,,0.0,,0.6,0.19,,,
WS_0020D47E,2022-03-03 00:00:00,,8.25,,,,,,79.39,,0.0,,0.7,0.22,,,
WS_0020D47E,2022-03-03 01:00:00,,8.08,,,,,,79.69,,0.0,,0.7,0.21,,,
WS_0020D47E,2022-03-03 02:00:00,,7.7,,,,,,80.52,,0.0,,0.8,0.2,,,
WS_0020D47E,2022-03-03 03:00:00,,6.13,,,,,,89.24,,0.0,,0.7,0.09,,,
WS_0020D47E,2022-03-03 04:00:00,,5.85,,,,,,92.25,,0.0,,0.6,0.07,,,
WS_0020D47E,2022-03-03 05:00:00,,5.94,,,,,,91.46,,0.0,,0.6,0.07,,,
WS_0020D47E,2022-03-03 06:00:00,,6.56,,,,,,92.19,,0.0,,0.4,0.07,,,
WS_0020D47E,2022-03-03 07:00:00,,9.71,,,,,,80.73,,0.0,,0.5,0.23,,,
WS_0020D47E,2022-03-03 08:00:00,,11.28,,,,,,72.29,,0.0,,1.3,0.36,,,
WS_0020D47E,2022-03-03 09:00:00,,12.81,,,,,,67.77,,0.0,,1.3,0.47,,,
WS_0020D47E,2022-03-03 10:00:00,,14.11,,,,,,64.39,,0.0,,1.3,0.57,,,
WS_0020D47E,2022-03-03 11:00:00,,14.47,,,,,,65.09,,0.0,,1.0,0.57,,,
WS_0020D47E,2022-03-03 12:00:00,,12.43,,,,,,73.17,,0.0,,0.7,0.38,,,
WS_0020D47E,2022-03-03 13:00:00,,11.76,,,,,,79.59,,0.0,,0.6,0.27,,,
WS_0020D47E,2022-03-03 14:00:00,,11.52,,,,,,88.12,,0.0,,0.5,0.15,,,
WS_0020D47E,2022-03-03 15:00:00,,11.73,,,,,,89.05,,0.0,,0.5,0.14,,,
WS_0020D47E,2022-03-03 16:00:00,,12.11,,,,,,85.6,,0.0,,0.4,0.2,,,
WS_0020D47E,2022-03-03 17:00:00,,12.1,,,,,,82.43,,0.0,,0.9,0.24,,,
WS_0020D47E,2022-03-03 18:00:00,,11.75,,,,,,82.6,,0.0,,0.8,0.23,,,
WS_0020D47E,2022-03-03 19:00:00,,11.68,,,,,,78.29,,0.0,,0.7,0.29,,,
WS_0020D47E,2022-03-03 20:00:00,,11.91,,,,,,75.94,,0.0,,0.8,0.33,,,
WS_0020D47E,2022-03-03 21:00:00,,11.92,,,,,,73.61,,0.0,,0.8,0.36,,,
WS_0020D47E,2022-03-03 22:00:00,,11.93,,,,,,75.62,,0.0,,0.9,0.33,,,
WS_0020D47E,2022-03-03 23:00:00,,11.84,,,,,,79.0,,0.0,,0.9,0.28,,,
WS_0020D47E,2022-03-04 00:00:00,,11.81,,,,,,79.87,,0.0,,0.9,0.27,,,
WS_0020D47E,2022-03-04 01:00:00,,11.49,,,,,,80.03,,0.2,,0.8,0.26,,,
WS_0020D47E,2022-03-04 02:00:00,,11.2,,,,,,81.46,,0.0,,0.7,0.24,,,
WS_0020D47E,2022-03-04 03:00:00,,11.13,,,,,,82.33,,0.0,,0.7,0.23,,,
WS_0020D47E,2022-03-04 04:00:00,,11.31,,,,,,81.43,,0.0,,0.7,0.24,,,
WS_0020D47E,2022-03-04 05:00:00,,11.47,,,,,,82.29,,0.0,,0.8,0.23,,,
WS_0020D47E,2022-03-04 06:00:00,,12.36,,,,,,80.44,,0.0,,1.6,0.27,,,
WS_0020D47E,2022-03-04 07:00:00,,13.68,,,,,,77.05,,0.0,,1.9,0.35,,,
WS_0020D47E,2022-03-04 08:00:00,,14.51,,,,,,74.3,,0.0,,2.3,0.42,,,
WS_0020D47E,2022-03-04 09:00:00,,15.14,,,,,,72.75,,0.0,,2.6,0.46,,,
WS_0020D47E,2022-03-04 10:00:00,,15.71,,,,,,70.51,,0.0,,2.7,0.52,,,
WS_0020D47E,2022-03-04 11:00:00,,16.27,,,,,,69.77,,0.0,,2.7,0.55,,,
WS_0020D47E,2022-03-04 12:00:00,,16.41,,,,,,68.64,,0.0,,2.8,0.58,,,
WS_0020D47E,2022-03-04 13:00:00,,16.21,,,,,,70.09,,0.0,,2.5,0.54,,,
WS_0020D47E,2022-03-04 14:00:00,,15.91,,,,,,71.85,,0.0,,2.4,0.5,,,
WS_0020D47E,2022-03-04 15:00:00,,15.28,,,,,,73.05,,0.0,,2.1,0.46,,,
WS_0020D47E,2022-03-04 16:00:00,,14.44,,,,,,75.36,,0.0,,1.8,0.4,,,
WS_0020D47E,2022-03-04 17:00:00,,13.12,,,,,,79.22,,0.0,,1.5,0.3,,,
WS_0020D47E,2022-03-04 18:00:00,,12.53,,,,,,83.41,,0.0,,1.4,0.23,,,
WS_0020D47E,2022-03-04 19:00:00,,11.84,,,,,,87.7,,0.0,,1.3,0.16,,,
WS_0020D47E,2022-03-04 20:00:00,,11.25,,,,,,91.4,,0.0,,1.2,0.11,,,
WS_0020D47E,2022-03-04 21:00:00,,12.01,,,,,,89.15,,0.0,,1.3,0.15,,,
WS_0020D47E,2022-03-04 22:00:00,,11.59,,,,,,90.76,,0.2,,1.6,0.12,,,
WS_0020D47E,2022-03-04 23:00:00,,11.6,,,,,,91.41,,0.0,,1.5,0.11,,,
WS_0020D47E,2022-03-05 00:00:00,,11.47,,,,,,94.05,,0.0,,1.6,0.07,,,
WS_0020D47E,2022-03-05 01:00:00,,10.99,,,,,,96.67,,0.0,,1.2,0.04,,,
WS_0020D47E,2022-03-05 02:00:00,,11.03,,,,,,96.67,,0.0,,0.8,0.04,,,
WS_0020D47E,2022-03-05 03:00:00,,11.45,,,,,,96.62,,0.0,,0.8,0.04,,,
WS_0020D47E,2022-03-05 04:00:00,,11.86,,,,,,97.05,,0.0,,0.8,0.04,,,
WS_0020D47E,2022-03-05 05:00:00,,11.92,,,,,,97.84,,0.0,,0.9,0.03,,,
WS_0020D47E,2022-03-05 06:00:00,,12.17,,,,,,98.31,,0.0,,1.2,0.02,,,
WS_0020D47E,2022-03-05 07:00:00,,12.96,,,,,,96.83,,0.0,,1.2,0.04,,,
WS_0020D47E,2022-03-05 08:00:00,,13.76,,,,,,93.69,,0.0,,1.2,0.09,,,
WS_0020D47E,2022-03-05 09:00:00,,14.42,,,,,,86.64,,0.0,,1.6,0.21,,,
WS_0020D47E,2022-03-05 10:00:00,,14.27,,,,,,84.74,,0.0,,1.6,0.24,,,
WS_0020D47E,2022-03-05 11:00:00,,14.09,,,,,,90.02,,0.0,,1.7,0.15,,,
WS_0020D47E,2022-03-05 12:00:00,,13.86,,,,,,87.5,,0.0,,1.8,0.19,,,
WS_0020D47E,2022-03-05 13:00:00,,12.87,,,,,,87.52,,0.6,,1.7,0.18,,,
WS_0020D47E,2022-03-05 14:00:00,,11.68,,,,,,93.69,,0.4,,1.8,0.08,,,
WS_0020D47E,2022-03-05 15:00:00,,11.86,,,,,,92.55,,0.0,,2.2,0.1,,,
WS_0020D47E,2022-03-05 16:00:00,,11.89,,,,,,89.04,,0.2,,2.1,0.14,,,
WS_0020D47E,2022-03-05 17:00:00,,10.54,,,,,,84.33,,0.0,,2.5,0.19,,,
WS_0020D47E,2022-03-05 18:00:00,,10.41,,,,,,82.92,,0.0,,2.7,0.21,,,
WS_0020D47E,2022-03-05 19:00:00,,10.16,,,,,,80.63,,0.0,,2.6,0.23,,,
WS_0020D47E,2022-03-05 20:00:00,,10.01,,,,,,78.83,,0.0,,2.5,0.25,,,
WS_0020D47E,2022-03-05 21:00:00,,9.65,,,,,,80.02,,0.0,,2.1,0.23,,,
WS_0020D47E,2022-03-05 22:00:00,,9.33,,,,,,78.77,,0.0,,2.0,0.24,,,
WS_0020D47E,2022-03-05 23:00:00,,8.97,,,,,,79.35,,0.0,,1.9,0.23,,,
WS_0020D47E,2022-03-06 00:00:00,,8.68,,,,,,76.51,,0.0,,1.9,0.26,,,
WS_0020D47E,2022-03-06 01:00:00,,8.32,,,,,,79.25,,0.0,,1.8,0.22,,,
WS_0020D47E,2022-03-06 02:00:00,,8.6,,,,,,76.76,,0.0,,1.7,0.25,,,
WS_0020D47E,2022-03-06 03:00:00,,8.26,,,,,,76.99,,0.0,,1.9,0.24,,,
WS_0020D47E,2022-03-06 04:00:00,,7.75,,,,,,79.27,,0.0,,1.6,0.21,,,
WS_0020D47E,2022-03-06 05:00:00,,7.33,,,,,,78.73,,0.0,,1.4,0.21,,,
WS_0020D47E,2022-03-06 06:00:00,,8.37,,,,,,75.73,,0.0,,1.6,0.26,,,
WS_0020D47E,2022-03-06 07:00:00,,10.43,,,,,,67.82,,0.0,,1.7,0.4,,,
WS_0020D47E,2022-03-06 08:00:00,,11.48,,,,,,65.01,,0.0,,1.6,0.47,,,
WS_0020D47E,2022-03-06 09:00:00,,12.65,,,,,,59.34,,0.0,,1.5,0.59,,,
WS_0020D47E,2022-03-06 10:00:00,,13.19,,,,,,58.41,,0.0,,1.6,0.62,,,
WS_0020D47E,2022-03-06 11:00:00,,14.27,,,,,,56.84,,0.0,,1.6,0.7,,,
WS_0020D47E,2022-03-06 12:00:00,,14.94,,,,,,54.96,,0.0,,1.7,0.76,,,
WS_0020D47E,2022-03-06 13:00:00,,15.03,,,,,,56.6,,0.0,,2.2,0.73,,,
WS_0020D47E,2022-03-06 14:00:00,,14.22,,,,,,60.65,,0.0,,1.9,0.63,,,
WS_0020D47E,2022-03-06 15:00:00,,12.84,,,,,,66.79,,0.0,,1.8,0.49,,,
WS_0020D47E,2022-03-06 16:00:00,,11.93,,,,,,72.71,,0.0,,1.5,0.37,,,
WS_0020D47E,2022-03-06 17:00:00,,9.64,,,,,,83.26,,0.0,,1.2,0.19,,,
WS_0020D47E,2022-03-06 18:00:00,,9.38,,,,,,77.45,,0.0,,1.2,0.26,,,
WS_0020D47E,2022-03-06 19:00:00,,9.36,,,,,,77.24,,0.0,,1.3,0.26,,,
WS_0020D47E,2022-03-06 20:00:00,,10.06,,,,,,75.57,,0.0,,1.4,0.3,,,
WS_0020D47E,2022-03-06 21:00:00,,10.63,,,,,,76.58,,0.0,,1.4,0.29,,,
WS_0020D47E,2022-03-06 22:00:00,,10.94,,,,,,75.86,,0.0,,1.5,0.31,,,
WS_0020D47E,2022-03-06 23:00:00,,11.7,,,,,,72.9,,0.0,,1.5,0.37,,,
WS_0020D47E,2022-03-07 00:00:00,,11.39,,,,,,75.17,,0.0,,1.7,0.33,,,
WS_0020D47E,2022-03-07 01:00:00,,11.06,,,,,,76.86,,0.0,,1.6,0.3,,,
WS_0020D47E,2022-03-07 02:00:00,,11.14,,,,,,76.98,,0.0,,1.5,0.3,,,
WS_0020D47E,2022-03-07 03:00:00,,10.18,,,,,,80.9,,0.0,,1.5,0.23,,,
WS_0020D47E,2022-03-07 04:00:00,,9.68,,,,,,83.28,,0.0,,1.3,0.19,,,
WS_0020D47E,2022-03-07 05:00:00,,10.04,,,,,,81.97,,0.0,,1.2,0.22,,,
WS_0020D47E,2022-03-07 06:00:00,,11.06,,,,,,81.61,,0.0,,1.2,0.24,,,
WS_0020D47E,2022-03-07 07:00:00,,12.42,,,,,,77.01,,0.0,,1.3,0.33,,,
WS_0020D47E,2022-03-07 08:00:00,,13.4,,,,,,73.89,,0.0,,1.5,0.39,,,
WS_0020D47E,2022-03-07 09:00:00,,14.1,,,,,,72.05,,0.0,,1.6,0.44,,,
WS_0020D47E,2022-03-07 10:00:00,,13.97,,,,,,71.09,,0.0,,1.6,0.46,,,
WS_0020D47E,2022-03-07 11:00:00,,14.2,,,,,,73.54,,0.0,,1.4,0.42,,,
WS_0020D47E,2022-03-07 12:00:00,,15.1,,,,,,67.15,,0.0,,0.7,0.56,,,
WS_0020D47E,2022-03-07 13:00:00,,13.88,,,,,,67.34,,0.0,,0.7,0.51,,,
WS_0020D47E,2022-03-07 14:00:00,,13.72,,,,,,64.83,,0.0,,0.7,0.54,,,
WS_0020D47E,2022-03-07 15:00:00,,12.53,,,,,,62.29,,0.0,,0.7,0.54,,,
WS_0020D47E,2022-03-07 16:00:00,,11.68,,,,,,59.97,,0.0,,0.7,0.54,,,
WS_0020D47E,2022-03-07 17:00:00,,11.2,,,,,,57.65,,0.0,,0.6,0.55,,,
WS_0020D47E,2022-03-07 18:00:00,,9.35,,,,,,71.09,,0.0,,0.7,0.34,,,
WS_0020D47E,2022-03-07 19:00:00,,7.49,,,,,,81.86,,0.0,,0.8,0.18,,,
WS_0020D47E,2022-03-07 20:00:00,,7.02,,,,,,85.43,,0.0,,0.9,0.14,,,
WS_0020D47E,2022-03-07 21:00:00,,7.52,,,,,,82.85,,0.0,,1.0,0.17,,,
WS_0020D47E,2022-03-07 22:00:00,,7.5,,,,,,82.58,,0.0,,0.8,0.17,,,
WS_0020D47E,2022-03-07 23:00:00,,7.07,,,,,,81.82,,0.0,,1.0,0.18,,,
WS_0020D47E,2022-03-08 00:00:00,,6.61,,,,,,85.7,,0.0,,1.0,0.14,,,
WS_0020D47E,2022-03-08 01:00:00,,6.62,,,,,,88.27,,0.0,,1.2,0.11,,,
WS_0020D47E,2022-03-08 02:00:00,,5.76,,,,,,94.72,,0.0,,1.1,0.04,,,
WS_0020D47E,2022-03-08 03:00:00,,5.58,,,,,,95.89,,0.0,,1.1,0.03,,,
WS_0020D47E,2022-03-08 04:00:00,,6.09,,,,,,95.28,,0.0,,1.0,0.04,,,
WS_0020D47E,2022-03-08 05:00:00,,5.71,,,,,,93.63,,0.0,,0.9,0.05,,,
WS_0020D47E,2022-03-08 06:00:00,,7.6,,,,,,87.12,,0.0,,1.1,0.13,,,
WS_0020D47E,2022-03-08 07:00:00,,10.03,,,,,,72.27,,0.0,,1.3,0.34,,,
WS_0020D47E,2022-03-08 08:00:00,,10.99,,,,,,65.05,,0.2,,1.1,0.45,,,
WS_0020D47E,2022-03-08 09:00:00,,11.97,,,,,,55.99,,0.0,,1.1,0.61,,,
WS_0020D47E,2022-03-08 10:00:00,,12.88,,,,,,53.1,,0.0,,1.4,0.69,,,
WS_0020D47E,2022-03-08 11:00:00,,13.07,,,,,,51.67,,0.0,,1.6,0.72,,,
WS_0020D47E,2022-03-08 12:00:00,,13.52,,,,,,51.2,,0.0,,1.9,0.75,,,
WS_0020D47E,2022-03-08 13:00:00,,14.26,,,,,,49.0,,0.0,,2.4,0.82,,,
WS_0020D47E,2022-03-08 14:00:00,,14.0,,,,,,50.03,,0.0,,2.2,0.79,,,
WS_0020D47E,2022-03-08 15:00:00,,13.5,,,,,,53.92,,0.0,,2.4,0.71,,,
WS_0020D47E,2022-03-08 16:00:00,,12.5,,,,,,58.73,,0.0,,2.5,0.59,,,
WS_0020D47E,2022-03-08 17:00:00,,11.36,,,,,,62.98,,0.0,,2.3,0.49,,,
WS_0020D47E,2022-03-08 18:00:00,,10.69,,,,,,66.72,,0.0,,2.4,0.42,,,
WS_0020D47E,2022-03-08 19:00:00,,9.96,,,,,,62.5,,0.0,,2.5,0.45,,,
WS_0020D47E,2022-03-08 20:00:00,,9.62,,,,,,66.96,,0.0,,2.3,0.39,,,
WS_0020D47E,2022-03-08 21:00:00,,9.76,,,,,,59.35,,0.0,,2.6,0.48,,,
WS_0020D47E,2022-03-08 22:00:00,,9.47,,,,,,59.9,,0.0,,2.5,0.47,,,
WS_0020D47E,2022-03-08 23:00:00,,8.82,,,,,,63.24,,0.0,,2.4,0.41,,,
WS_0020D47E,2022-03-09 00:00:00,,8.1,,,,,,67.16,,0.0,,1.8,0.35,,,
WS_0020D47E,2022-03-09 01:00:00,,7.65,,,,,,68.44,,0.0,,1.6,0.32,,,
WS_0020D47E,2022-03-09 02:00:00,,7.28,,,,,,72.26,,0.0,,1.1,0.28,,,
WS_0020D47E,2022-03-09 03:00:00,,7.78,,,,,,72.38,,0.0,,1.2,0.28,,,
WS_0020D47E,2022-03-09 04:00:00,,7.59,,,,,,56.68,,0.0,,1.3,0.44,,,
WS_0020D47E,2022-03-09 05:00:00,,7.22,,,,,,52.99,,0.0,,1.2,0.47,,,
WS_0020D47E,2022-03-09 06:00:00,,7.36,,,,,,52.34,,0.0,,1.6,0.48,,,
WS_0020D47E,2022-03-09 07:00:00,,8.35,,,,,,50.96,,0.0,,1.8,0.53,,,
WS_0020D47E,2022-03-09 08:00:00,,9.07,,,,,,49.68,,0.0,,1.9,0.57,,,
WS_0020D47E,2022-03-09 09:00:00,,9.65,,,,,,51.22,,0.0,,1.9,0.58,,,
WS_0020D47E,2022-03-09 10:00:00,,10.31,,,,,,48.71,,0.0,,1.5,0.63,,,
WS_0020D47E,2022-03-09 11:00:00,,10.82,,,,,,46.71,,0.0,,1.7,0.68,,,
WS_0020D47E,2022-03-09 12:00:00,,11.14,,,,,,45.26,,0.0,,1.4,0.72,,,
WS_0020D47E,2022-03-09 13:00:00,,11.2,,,,,,46.49,,0.0,,1.4,0.7,,,
WS_0020D47E,2022-03-09 14:00:00,,10.59,,,,,,49.33,,0.0,,2.1,0.64,,,
WS_0020D47E,2022-03-09 15:00:00,,10.29,,,,,,48.3,,0.0,,1.7,0.64,,,
WS_0020D47E,2022-03-09 16:00:00,,10.25,,,,,,47.87,,0.0,,2.1,0.64,,,
WS_0020D47E,2022-03-09 17:00:00,,9.88,,,,,,47.99,,0.0,,2.1,0.62,,,
WS_0020D47E,2022-03-09 18:00:00,,9.4,,,,,,47.54,,0.0,,1.7,0.61,,,
WS_0020D47E,2022-03-09 19:00:00,,8.71,,,,,,51.72,,0.0,,1.4,0.53,,,
WS_0020D47E,2022-03-09 20:00:00,,8.54,,,,,,51.42,,0.0,,1.1,0.53,,,
WS_0020D47E,2022-03-09 21:00:00,,8.27,,,,,,52.93,,0.0,,1.1,0.51,,,
WS_0020D47E,2022-03-09 22:00:00,,8.47,,,,,,52.16,,0.0,,1.0,0.52,,,
WS_0020D47E,2022-03-09 23:00:00,,7.84,,,,,,55.41,,0.0,,0.8,0.46,,,
WS_0020D47E,2022-03-10 00:00:00,,6.44,,,,,,62.14,,0.0,,1.0,0.35,,,
WS_0020D47E,2022-03-10 01:00:00,,5.97,,,,,,67.2,,0.0,,0.9,0.3,,,
WS_0020D47E,2022-03-10 02:00:00,,5.01,,,,,,72.66,,0.0,,1.1,0.23,,,
WS_0020D47E,2022-03-10 03:00:00,,4.62,,,,,,74.9,,0.0,,1.0,0.2,,,
WS_0020D47E,2022-03-10 04:00:00,,5.7,,,,,,75.85,,0.0,,1.2,0.21,,,
WS_0020D47E,2022-03-10 05:00:00,,6.32,,,,,,76.26,,0.0,,1.5,0.22,,,
WS_0020D47E,2022-03-10 06:00:00,,7.87,,,,,,73.24,,0.0,,1.5,0.28,,,
WS_0020D47E,2022-03-10 07:00:00,,10.43,,,,,,63.96,,0.0,,1.4,0.45,,,
WS_0020D47E,2022-03-10 08:00:00,,11.09,,,,,,61.86,,0.0,,1.2,0.5,,,
WS_0020D47E,2022-03-10 09:00:00,,11.74,,,,,,59.02,,0.0,,1.3,0.56,,,
WS_0020D47E,2022-03-10 10:00:00,,12.55,,,,,,56.8,,0.0,,1.3,0.62,,,
WS_0020D47E,2022-03-10 11:00:00,,13.67,,,,,,50.93,,0.0,,1.3,0.76,,,
WS_0020D47E,2022-03-10 12:00:00,,14.65,,,,,,53.95,,0.0,,1.9,0.76,,,
WS_0020D47E,2022-03-10 13:00:00,,14.95,,,,,,54.06,,0.0,,1.6,0.77,,,
WS_0020D47E,2022-03-10 14:00:00,,14.86,,,,,,55.97,,0.0,,1.7,0.73,,,
WS_0020D47E,2022-03-10 15:00:00,,13.99,,,,,,58.45,,0.0,,1.8,0.66,,,
WS_0020D47E,2022-03-10 16:00:00,,13.02,,,,,,61.71,,0.0,,1.6,0.57,,,
WS_0020D47E,2022-03-10 17:00:00,,11.13,,,,,,68.61,,0.0,,1.7,0.41,,,
WS_0020D47E,2022-03-10 18:00:00,,9.61,,,,,,74.49,,0.0,,1.7,0.3,,,
WS_0020D47E,2022-03-10 19:00:00,,9.37,,,,,,76.66,,0.0,,1.8,0.27,,,
WS_0020D47E,2022-03-10 20:00:00,,9.25,,,,,,78.63,,0.0,,1.8,0.24,,,
WS_0020D47E,2022-03-10 21:00:00,,8.54,,,,,,84.0,,0.0,,1.4,0.17,,,
WS_0020D47E,2022-03-10 22:00:00,,8.15,,,,,,89.85,,0.0,,1.5,0.11,,,
WS_0020D47E,2022-03-10 23:00:00,,7.6,,,,,,92.35,,0.0,,1.2,0.07,,,
WS_0020D47E,2022-03-11 00:00:00,,7.16,,,,,,94.66,,0.0,,1.2,0.05,,,
WS_0020D47E,2022-03-11 01:00:00,,7.15,,,,,,94.24,,0.0,,1.2,0.05,,,
WS_0020D47E,2022-03-11 02:00:00,,7.3,,,,,,94.6,,0.0,,1.2,0.05,,,
WS_0020D47E,2022-03-11 03:00:00,,7.47,,,,,,93.8,,0.0,,1.1,0.06,,,
WS_0020D47E,2022-03-11 04:00:00,,6.06,,,,,,96.0,,0.0,,1.0,0.03,,,
WS_0020D47E,2022-03-11 05:00:00,,7.22,,,,,,96.25,,0.0,,0.9,0.03,,,
WS_0020D47E,2022-03-11 06:00:00,,9.37,,,,,,89.68,,0.0,,1.1,0.12,,,
WS_0020D47E,2022-03-11 07:00:00,,11.63,,,,,,78.89,,0.0,,1.4,0.28,,,
WS_0020D47E,2022-03-11 08:00:00,,12.92,,,,,,74.61,,0.0,,1.8,0.37,,,
WS_0020D47E,2022-03-11 09:00:00,,13.59,,,,,,71.92,,0.0,,1.9,0.43,,,
WS_0020D47E,2022-03-11 10:00:00,,14.11,,,,,,69.97,,0.0,,2.1,0.48,,,
WS_0020D47E,2022-03-11 11:00:00,,14.73,,,,,,66.57,,0.0,,1.9,0.55,,,
WS_0020D47E,2022-03-11 12:00:00,,15.11,,,,,,64.3,,0.0,,2.0,0.6,,,
WS_0020D47E,2022-03-11 13:00:00,,14.91,,,,,,63.23,,0.0,,1.9,0.61,,,
WS_0020D47E,2022-03-11 14:00:00,,15.02,,,,,,61.18,,0.0,,1.7,0.66,,,
WS_0020D47E,2022-03-11 15:00:00,,13.94,,,,,,63.13,,0.0,,1.5,0.58,,,
WS_0020D47E,2022-03-11 16:00:00,,13.79,,,,,,62.54,,0.0,,1.2,0.58,,,
WS_0020D47E,2022-03-11 17:00:00,,12.16,,,,,,70.74,,0.0,,1.0,0.41,,,
WS_0020D47E,2022-03-11 18:00:00,,9.9,,,,,,80.07,,0.0,,1.0,0.24,,,
WS_0020D47E,2022-03-11 19:00:00,,8.15,,,,,,89.1,,0.2,,0.9,0.11,,,
WS_0020D47E,2022-03-11 20:00:00,,7.25,,,,,,93.12,,0.0,,0.8,0.06,,,
WS_0020D47E,2022-03-11 21:00:00,,6.53,,,,,,96.3,,0.0,,0.9,0.03,,,
WS_0020D47E,2022-03-11 22:00:00,,6.16,,,,,,97.88,,0.0,,0.9,0.01,,,
WS_0020D47E,2022-03-11 23:00:00,,5.85,,,,,,99.27,,0.0,,0.9,0.0,,,
WS_0020D47E,2022-03-12 00:00:00,,5.68,,,,,,99.9,,0.0,,0.9,0.0,,,
WS_0020D47E,2022-03-12 01:00:00,,5.77,,,,,,100.0,,0.0,,0.9,0.0,,,
WS_0020D47E,2022-03-12 02:00:00,,5.6,,,,,,99.99,,0.0,,0.8,0.0,,,
WS_0020D47E,2022-03-12 03:00:00,,5.72,,,,,,99.99,,0.0,,0.8,0.0,,,
WS_0020D47E,2022-03-12 04:00:00,,5.97,,,,,,99.99,,0.0,,0.8,0.0,,,
WS_0020D47E,2022-03-12 05:00:00,,6.26,,,,,,99.99,,0.0,,0.9,0.0,,,
WS_0020D47E,2022-03-12 06:00:00,,8.27,,,,,,99.99,,0.2,,0.9,0.0,,,
WS_0020D47E,2022-03-12 07:00:00,,10.33,,,,,,99.42,,0.0,,0.8,0.01,,,
WS_0020D47E,2022-03-12 08:00:00,,12.85,,,,,,79.69,,0.0,,0.9,0.3,,,
WS_0020D47E,2022-03-12 09:00:00,,14.49,,,,,,70.1,,0.0,,0.9,0.49,,,
WS_0020D47E,2022-03-12 10:00:00,,14.88,,,,,,67.83,,0.0,,0.9,0.54,,,
WS_0020D47E,2022-03-12 11:00:00,,14.68,,,,,,71.45,,0.0,,0.9,0.47,,,
WS_0020D47E,2022-03-12 12:00:00,,12.71,,,,,,78.94,,0.0,,0.9,0.3,,,
WS_0020D47E,2022-03-12 13:00:00,,12.45,,,,,,78.59,,0.0,,0.9,0.3,,,
WS_0020D47E,2022-03-12 14:00:00,,12.33,,,,,,77.44,,0.0,,0.9,0.32,,,
WS_0020D47E,2022-03-12 15:00:00,,11.73,,,,,,80.14,,0.0,,0.9,0.27,,,
WS_0020D47E,2022-03-12 16:00:00,,10.49,,,,,,91.49,,0.4,,0.7,0.1,,,
WS_0020D47E,2022-03-12 17:00:00,,10.13,,,,,,91.87,,0.0,,0.8,0.09,,,
WS_0020D47E,2022-03-12 18:00:00,,10.28,,,,,,89.42,,0.0,,0.8,0.13,,,
WS_0020D47E,2022-03-12 19:00:00,,10.41,,,,,,88.72,,0.2,,0.8,0.14,,,
WS_0020D47E,2022-03-12 20:00:00,,10.01,,,,,,93.71,,0.8,,0.8,0.07,,,
WS_0020D47E,2022-03-12 21:00:00,,9.65,,,,,,97.2,,1.2,,0.8,0.03,,,
WS_0020D47E,2022-03-12 22:00:00,,9.53,,,,,,99.08,,1.4,,0.8,0.01,,,
WS_0020D47E,2022-03-12 23:00:00,,9.57,,,,,,99.96,,1.0,,0.9,0.0,,,
WS_0020D47E,2022-03-13 00:00:00,,9.67,,,,,,100.0,,0.6,,0.9,0.0,,,
WS_0020D47E,2022-03-13 01:00:00,,9.64,,,,,,100.0,,0.4,,0.9,0.0,,,
WS_0020D47E,2022-03-13 02:00:00,,9.68,,,,,,100.0,,1.0,,0.8,0.0,,,
WS_0020D47E,2022-03-13 03:00:00,,9.43,,,,,,99.99,,2.8,,0.8,0.0,,,
WS_0020D47E,2022-03-13 04:00:00,,9.29,,,,,,99.99,,1.4,,0.8,0.0,,,
WS_0020D47E,2022-03-13 05:00:00,,9.33,,,,,,99.99,,1.2,,0.8,0.0,,,
WS_0020D47E,2022-03-13 06:00:00,,9.45,,,,,,99.99,,2.0,,0.9,0.0,,,
WS_0020D47E,2022-03-13 07:00:00,,9.53,,,,,,99.99,,1.8,,0.9,0.0,,,
WS_0020D47E,2022-03-13 08:00:00,,9.72,,,,,,99.99,,1.4,,0.8,0.0,,,
WS_0020D47E,2022-03-13 09:00:00,,10.0,,,,,,99.99,,2.2,,0.8,0.0,,,
WS_0020D47E,2022-03-13 10:00:00,,10.38,,,,,,99.99,,1.2,,0.8,0.0,,,
WS_0020D47E,2022-03-13 11:00:00,,10.72,,,,,,99.99,,0.0,,0.9,0.0,,,
WS_0020D47E,2022-03-13 12:00:00,,11.03,,,,,,99.99,,0.4,,0.8,0.0,,,
WS_0020D47E,2022-03-13 13:00:00,,11.5,,,,,,99.99,,1.0,,0.9,0.0,,,
WS_0020D47E,2022-03-13 14:00:00,,11.92,,,,,,99.99,,0.0,,0.9,0.0,,,
WS_0020D47E,2022-03-13 15:00:00,,11.25,,,,,,99.99,,0.0,,0.9,0.0,,,
WS_0020D47E,2022-03-13 16:00:00,,10.93,,,,,,99.83,,0.0,,0.9,0.0,,,
WS_0020D47E,2022-03-13 17:00:00,,10.94,,,,,,98.73,,0.0,,0.8,0.01,,,
WS_0020D47E,2022-03-13 18:00:00,,11.12,,,,,,97.96,,0.0,,0.8,0.02,,,
WS_0020D47E,2022-03-13 19:00:00,,11.01,,,,,,97.04,,0.0,,0.9,0.04,,,
WS_0020D47E,2022-03-13 20:00:00,,10.83,,,,,,97.06,,0.0,,0.9,0.03,,,
WS_0020D47E,2022-03-13 21:00:00,,10.71,,,,,,98.56,,0.0,,0.9,0.02,,,
WS_0020D47E,2022-03-13 22:00:00,,10.08,,,,,,99.65,,0.0,,0.9,0.0,,,
WS_0020D47E,2022-03-13 23:00:00,,9.52,,,,,,100.0,,0.0,,0.8,0.0,,,
WS_0020D47E,2022-03-14 00:00:00,,8.98,,,,,,99.99,,0.0,,0.8,0.0,,,
WS_0020D47E,2022-03-14 01:00:00,,8.79,,,,,,99.99,,0.0,,0.8,0.0,,,
WS_0020D47E,2022-03-14 02:00:00,,8.07,,,,,,99.99,,0.0,,0.8,0.0,,,
WS_0020D47E,2022-03-14 03:00:00,,8.33,,,,,,99.99,,0.0,,0.8,0.0,,,
WS_0020D47E,2022-03-14 04:00:00,,8.26,,,,,,99.99,,0.0,,0.7,0.0,,,
WS_0020D47E,2022-03-14 05:00:00,,8.18,,,,,,99.99,,0.0,,0.7,0.0,,,
WS_0020D47E,2022-03-14 06:00:00,,10.26,,,,,,99.99,,0.0,,0.7,0.0,,,
WS_0020D47E,2022-03-14 07:00:00,,12.01,,,,,,98.64,,0.0,,0.6,0.02,,,
WS_0020D47E,2022-03-14 08:00:00,,13.44,,,,,,90.38,,0.0,,0.8,0.15,,,
WS_0020D47E,2022-03-14 09:00:00,,14.53,,,,,,84.7,,0.0,,0.9,0.24,,,
WS_0020D47E,2022-03-14 10:00:00,,15.47,,,,,,79.67,,0.0,,0.8,0.35,,,
WS_0020D47E,2022-03-14 11:00:00,,16.31,,,,,,75.74,,0.0,,0.7,0.44,,,
WS_0020D47E,2022-03-14 12:00:00,,15.8,,,,,,79.26,,0.0,,0.7,0.37,,,
WS_0020D47E,2022-03-14 13:00:00,,15.34,,,,,,81.2,,0.0,,0.8,0.32,,,
WS_0020D47E,2022-03-14 14:00:00,,14.81,,,,,,82.66,,0.0,,0.7,0.29,,,
WS_0020D47E,2022-03-14 15:00:00,,13.59,,,,,,84.34,,0.0,,0.7,0.24,,,
WS_0020D47E,2022-03-14 16:00:00,,13.2,,,,,,83.83,,0.0,,0.8,0.24,,,
WS_0020D47E,2022-03-14 17:00:00,,11.96,,,,,,88.22,,0.0,,0.8,0.16,,,
WS_0020D47E,2022-03-14 18:00:00,,11.3,,,,,,92.21,,0.0,,0.7,0.1,,,
WS_0020D47E,2022-03-14 19:00:00,,11.31,,,,,,91.89,,0.2,,0.7,0.1,,,
WS_0020D47E,2022-03-14 20:00:00,,11.46,,,,,,89.91,,0.0,,0.7,0.13,,,
WS_0020D47E,2022-03-14 21:00:00,,11.34,,,,,,88.74,,0.0,,0.8,0.14,,,
WS_0020D47E,2022-03-14 22:00:00,,10.99,,,,,,90.91,,0.0,,0.7,0.12,,,
WS_0020D47E,2022-03-14 23:00:00,,10.8,,,,,,91.07,,0.0,,0.7,0.11,,,
WS_0020D47E,2022-03-15 00:00:00,,10.56,,,,,,91.38,,0.0,,0.7,0.1,,,
WS_0020D47E,2022-03-15 01:00:00,,10.02,,,,,,93.2,,0.0,,0.8,0.08,,,
WS_0020D47E,2022-03-15 02:00:00,,9.53,,,,,,95.3,,0.0,,0.7,0.05,,,
WS_0020D47E,2022-03-15 03:00:00,,9.89,,,,,,92.83,,0.0,,0.8,0.08,,,
WS_0020D47E,2022-03-15 04:00:00,,10.7,,,,,,89.97,,0.0,,0.8,0.12,,,
WS_0020D47E,2022-03-15 05:00:00,,10.58,,,,,,88.89,,0.0,,0.8,0.14,,,
WS_0020D47E,2022-03-15 06:00:00,,11.36,,,,,,85.97,,0.0,,0.8,0.18,,,
WS_0020D47E,2022-03-15 07:00:00,,12.88,,,,,,81.2,,0.0,,0.8,0.27,,,
WS_0020D47E,2022-03-15 08:00:00,,14.29,,,,,,79.8,,0.4,,0.8,0.32,,,
WS_0020D47E,2022-03-15 09:00:00,,15.08,,,,,,76.5,,0.0,,0.9,0.4,,,
WS_0020D47E,2022-03-15 10:00:00,,16.3,,,,,,73.01,,0.0,,0.8,0.49,,,
WS_0020D47E,2022-03-15 11:00:00,,17.62,,,,,,68.91,,0.0,,0.8,0.62,,,
WS_0020D47E,2022-03-15 12:00:00,,18.08,,,,,,66.46,,0.0,,0.7,0.69,,,
WS_0020D47E,2022-03-15 13:00:00,,17.74,,,,,,69.86,,0.0,,0.7,0.6,,,
WS_0020D47E,2022-03-15 14:00:00,,17.13,,,,,,74.7,,0.0,,0.6,0.49,,,
WS_0020D47E,2022-03-15 15:00:00,,16.56,,,,,,77.56,,0.0,,0.6,0.41,,,
WS_0020D47E,2022-03-15 16:00:00,,14.81,,,,,,83.67,,0.0,,0.6,0.27,,,
WS_0020D47E,2022-03-15 17:00:00,,12.48,,,,,,93.28,,0.0,,0.7,0.09,,,
WS_0020D47E,2022-03-15 18:00:00,,11.87,,,,,,97.95,,0.0,,0.8,0.02,,,
WS_0020D47E,2022-03-15 19:00:00,,11.67,,,,,,98.63,,0.2,,0.8,0.01,,,
WS_0020D47E,2022-03-15 20:00:00,,11.89,,,,,,99.81,,0.0,,0.8,0.0,,,
WS_0020D47E,2022-03-15 21:00:00,,11.8,,,,,,100.0,,0.0,,0.8,0.0,,,
WS_0020D47E,2022-03-15 22:00:00,,11.28,,,,,,99.76,,0.0,,0.8,0.0,,,
WS_0020D47E,2022-03-15 23:00:00,,11.09,,,,,,98.71,,0.0,,0.9,0.01,,,
WS_0020D47E,2022-03-16 00:00:00,,11.62,,,,,,98.27,,0.0,,0.9,0.02,,,
WS_0020D47E,2022-03-16 01:00:00,,11.91,,,,,,96.55,,0.0,,1.0,0.04,,,
WS_0020D47E,2022-03-16 02:00:00,,11.96,,,,,,90.03,,0.0,,1.0,0.13,,,
WS_0020D47E,2022-03-16 03:00:00,,11.65,,,,,,89.09,,0.2,,1.1,0.14,,,
WS_0020D47E,2022-03-16 04:00:00,,11.26,,,,,,88.9,,0.0,,1.0,0.14,,,
WS_0020D47E,2022-03-16 05:00:00,,10.9,,,,,,89.33,,0.0,,1.0,0.13,,,
WS_0020D47E,2022-03-16 06:00:00,,12.07,,,,,,84.52,,0.0,,0.9,0.21,,,
WS_0020D47E,2022-03-16 07:00:00,,13.66,,,,,,78.28,,0.0,,1.1,0.33,,,
WS_0020D47E,2022-03-16 08:00:00,,14.06,,,,,,75.54,,0.0,,1.1,0.38,,,
WS_0020D47E,2022-03-16 09:00:00,,15.12,,,,,,73.55,,0.0,,1.2,0.45,,,
WS_0020D47E,2022-03-16 10:00:00,,16.5,,,,,,70.34,,0.0,,1.2,0.55,,,
WS_0020D47E,2022-03-16 11:00:00,,17.11,,,,,,68.38,,0.0,,1.0,0.61,,,
WS_0020D47E,2022-03-16 12:00:00,,17.71,,,,,,69.37,,0.0,,1.0,0.61,,,
WS_0020D47E,2022-03-16 13:00:00,,17.56,,,,,,68.52,,0.0,,1.0,0.63,,,
WS_0020D47E,2022-03-16 14:00:00,,15.63,,,,,,74.7,,0.0,,1.0,0.44,,,
WS_0020D47E,2022-03-16 15:00:00,,14.69,,,,,,78.9,,0.0,,0.9,0.35,,,
WS_0020D47E,2022-03-16 16:00:00,,13.69,,,,,,83.3,,0.0,,1.0,0.26,,,
WS_0020D47E,2022-03-16 17:00:00,,12.38,,,,,,88.79,,0.0,,1.0,0.16,,,
WS_0020D47E,2022-03-16 18:00:00,,12.25,,,,,,90.37,,0.0,,0.9,0.13,,,
WS_0020D47E,2022-03-16 19:00:00,,12.11,,,,,,91.22,,0.0,,0.9,0.12,,,
WS_0020D47E,2022-03-16 20:00:00,,11.29,,,,,,94.92,,0.2,,0.9,0.06,,,
WS_0020D47E,2022-03-16 21:00:00,,10.72,,,,,,97.37,,0.0,,0.8,0.03,,,
WS_0020D47E,2022-03-16 22:00:00,,10.85,,,,,,97.34,,0.0,,0.8,0.03,,,
WS_0020D47E,2022-03-16 23:00:00,,10.61,,,,,,90.86,,0.0,,0.8,0.11,,,
WS_0020D47E,2022-03-17 00:00:00,,10.54,,,,,,92.07,,0.0,,0.8,0.09,,,
WS_0020D47E,2022-03-17 01:00:00,,10.65,,,,,,92.35,,0.0,,0.8,0.09,,,
WS_0020D47E,2022-03-17 02:00:00,,11.0,,,,,,91.3,,0.0,,0.9,0.11,,,
WS_0020D47E,2022-03-17 03:00:00,,11.19,,,,,,91.86,,0.0,,0.8,0.1,,,
WS_0020D47E,2022-03-17 04:00:00,,11.46,,,,,,92.52,,0.0,,0.8,0.09,,,
WS_0020D47E,2022-03-17 05:00:00,,11.69,,,,,,92.68,,0.0,,0.8,0.09,,,
WS_0020D47E,2022-03-17 06:00:00,,12.61,,,,,,91.15,,0.0,,0.8,0.12,,,
WS_0020D47E,2022-03-17 07:00:00,,13.85,,,,,,87.86,,0.0,,0.9,0.19,,,
WS_0020D47E,2022-03-17 08:00:00,,14.94,,,,,,84.38,,0.0,,1.0,0.26,,,
WS_0020D47E,2022-03-17 09:00:00,,15.93,,,,,,81.44,,0.0,,0.9,0.33,,,
WS_0020D47E,2022-03-17 10:00:00,,17.13,,,,,,76.71,,0.0,,0.8,0.45,,,
WS_0020D47E,2022-03-17 11:00:00,,17.94,,,,,,74.9,,0.0,,0.8,0.51,,,
WS_0020D47E,2022-03-17 12:00:00,,18.36,,,,,,74.33,,0.0,,0.7,0.53,,,
WS_0020D47E,2022-03-17 13:00:00,,17.42,,,,,,77.48,,0.0,,0.7,0.44,,,
WS_0020D47E,2022-03-17 14:00:00,,15.78,,,,,,83.57,,0.0,,0.7,0.29,,,
WS_0020D47E,2022-03-17 15:00:00,,14.97,,,,,,85.85,,0.0,,0.9,0.23,,,
WS_0020D47E,2022-03-17 16:00:00,,14.39,,,,,,89.52,,0.0,,0.9,0.17,,,
WS_0020D47E,2022-03-17 17:00:00,,13.86,,,,,,91.04,,0.0,,1.0,0.14,,,
WS_0020D47E,2022-03-17 18:00:00,,13.76,,,,,,90.14,,0.0,,1.0,0.15,,,
WS_0020D47E,2022-03-17 19:00:00,,13.76,,,,,,90.45,,0.0,,1.0,0.14,,,
WS_0020D47E,2022-03-17 20:00:00,,13.7,,,,,,90.71,,0.0,,1.0,0.14,,,
WS_0020D47E,2022-03-17 21:00:00,,13.62,,,,,,88.59,,0.0,,1.0,0.17,,,
WS_0020D47E,2022-03-17 22:00:00,,13.45,,,,,,86.87,,0.0,,1.0,0.2,,,
WS_0020D47E,2022-03-17 23:00:00,,13.52,,,,,,86.45,,0.0,,0.9,0.2,,,
WS_0020D47E,2022-03-18 00:00:00,,13.33,,,,,,89.61,,0.0,,0.9,0.15,,,
WS_0020D47E,2022-03-18 01:00:00,,13.12,,,,,,90.1,,0.0,,0.9,0.14,,,
WS_0020D47E,2022-03-18 02:00:00,,13.01,,,,,,90.17,,0.0,,0.9,0.14,,,
WS_0020D47E,2022-03-18 03:00:00,,12.92,,,,,,90.71,,0.0,,0.9,0.13,,,
WS_0020D47E,2022-03-18 04:00:00,,13.0,,,,,,90.84,,0.0,,0.9,0.13,,,
WS_0020D47E,2022-03-18 05:00:00,,12.94,,,,,,90.22,,0.0,,0.9,0.14,,,
WS_0020D47E,2022-03-18 06:00:00,,13.2,,,,,,87.96,,0.2,,1.0,0.18,,,
WS_0020D47E,2022-03-18 07:00:00,,13.74,,,,,,85.18,,0.4,,1.0,0.23,,,
WS_0020D47E,2022-03-18 08:00:00,,14.63,,,,,,82.5,,0.0,,1.0,0.28,,,
WS_0020D47E,2022-03-18 09:00:00,,15.53,,,,,,81.33,,0.0,,1.1,0.32,,,
WS_0020D47E,2022-03-18 10:00:00,,16.02,,,,,,80.51,,0.0,,1.0,0.35,,,
WS_0020D47E,2022-03-18 11:00:00,,16.31,,,,,,79.74,,0.0,,1.1,0.37,,,
WS_0020D47E,2022-03-18 12:00:00,,16.13,,,,,,81.26,,0.0,,1.0,0.34,,,
WS_0020D47E,2022-03-18 13:00:00,,16.19,,,,,,80.34,,0.0,,0.9,0.36,,,
WS_0020D47E,2022-03-18 14:00:00,,15.75,,,,,,81.23,,0.0,,1.0,0.33,,,
WS_0020D47E,2022-03-18 15:00:00,,15.01,,,,,,85.62,,0.0,,1.1,0.24,,,
WS_0020D47E,2022-03-18 16:00:00,,14.35,,,,,,87.61,,0.0,,1.1,0.2,,,
WS_0020D47E,2022-03-18 17:00:00,,13.95,,,,,,87.71,,0.0,,1.0,0.19,,,
WS_0020D47E,2022-03-18 18:00:00,,13.74,,,,,,86.84,,0.0,,1.1,0.2,,,
WS_0020D47E,2022-03-18 19:00:00,,13.72,,,,,,86.24,,0.0,,1.1,0.21,,,
WS_0020D47E,2022-03-18 20:00:00,,13.7,,,,,,89.46,,0.0,,1.1,0.16,,,
WS_0020D47E,2022-03-18 21:00:00,,13.61,,,,,,89.46,,0.0,,1.1,0.16,,,
WS_0020D47E,2022-03-18 22:00:00,,13.56,,,,,,88.97,,0.0,,1.1,0.16,,,
WS_0020D47E,2022-03-18 23:00:00,,13.47,,,,,,88.1,,0.0,,1.2,0.18,,,
WS_0020D47E,2022-03-19 00:00:00,,13.34,,,,,,87.9,,0.0,,1.1,0.18,,,
WS_0020D47E,2022-03-19 01:00:00,,13.17,,,,,,86.18,,0.0,,1.1,0.2,,,
WS_0020D47E,2022-03-19 02:00:00,,13.04,,,,,,85.79,,0.0,,1.2,0.21,,,
WS_0020D47E,2022-03-19 03:00:00,,12.97,,,,,,86.17,,0.0,,1.1,0.2,,,
WS_0020D47E,2022-03-19 04:00:00,,12.93,,,,,,87.13,,0.0,,1.1,0.19,,,
WS_0020D47E,2022-03-19 05:00:00,,12.8,,,,,,86.08,,0.0,,1.1,0.2,,,
WS_0020D47E,2022-03-19 06:00:00,,12.73,,,,,,85.86,,0.0,,1.2,0.2,,,
WS_0020D47E,2022-03-19 07:00:00,,12.69,,,,,,84.18,,0.4,,1.2,0.23,,,
WS_0020D47E,2022-03-19 08:00:00,,12.63,,,,,,83.76,,0.2,,1.1,0.23,,,
WS_0020D47E,2022-03-19 09:00:00,,12.35,,,,,,85.89,,0.0,,1.1,0.19,,,
WS_0020D47E,2022-03-19 10:00:00,,12.42,,,,,,84.15,,0.0,,1.1,0.22,,,
WS_0020D47E,2022-03-19 11:00:00,,12.18,,,,,,87.9,,0.0,,1.0,0.17,,,
WS_0020D47E,2022-03-19 12:00:00,,11.5,,,,,,92.32,,0.2,,1.1,0.1,,,
WS_0020D47E,2022-03-19 13:00:00,,11.72,,,,,,89.27,,0.0,,1.0,0.14,,,
WS_0020D47E,2022-03-19 14:00:00,,11.75,,,,,,87.07,,0.0,,1.1,0.17,,,
WS_0020D47E,2022-03-19 15:00:00,,11.36,,,,,,89.08,,0.2,,1.1,0.14,,,
WS_0020D47E,2022-03-19 16:00:00,,11.25,,,,,,88.52,,0.0,,1.2,0.14,,,
WS_0020D47E,2022-03-19 17:00:00,,10.52,,,,,,95.57,,0.4,,1.1,0.05,,,
WS_0020D47E,2022-03-19 18:00:00,,9.97,,,,,,97.55,,0.6,,1.1,0.02,,,
WS_0020D47E,2022-03-19 19:00:00,,9.97,,,,,,95.78,,0.4,,1.2,0.05,,,
WS_0020D47E,2022-03-19 20:00:00,,9.43,,,,,,98.18,,0.6,,1.1,0.01,,,
WS_0020D47E,2022-03-19 21:00:00,,9.11,,,,,,95.89,,0.4,,1.2,0.04,,,
WS_0020D47E,2022-03-19 22:00:00,,8.81,,,,,,96.55,,0.8,,1.4,0.03,,,
WS_0020D47E,2022-03-19 23:00:00,,8.44,,,,,,95.56,,0.4,,1.4,0.04,,,
WS_0020D47E,2022-03-20 00:00:00,,8.53,,,,,,96.85,,0.8,,1.4,0.03,,,
WS_0020D47E,2022-03-20 01:00:00,,8.49,,,,,,98.19,,1.2,,1.1,0.01,,,
WS_0020D47E,2022-03-20 02:00:00,,8.64,,,,,,97.77,,0.8,,1.0,0.02,,,
WS_0020D47E,2022-03-20 03:00:00,,8.83,,,,,,96.01,,0.2,,1.1,0.04,,,
WS_0020D47E,2022-03-20 04:00:00,,9.02,,,,,,89.66,,0.0,,1.1,0.11,,,
WS_0020D47E,2022-03-20 05:00:00,,8.88,,,,,,93.46,,0.2,,1.1,0.06,,,
WS_0020D47E,2022-03-20 06:00:00,,9.22,,,,,,88.05,,0.2,,1.0,0.13,,,
WS_0020D47E,2022-03-20 07:00:00,,9.76,,,,,,83.75,,0.0,,1.0,0.19,,,
WS_0020D47E,2022-03-20 08:00:00,,10.18,,,,,,84.44,,0.0,,0.9,0.18,,,
WS_0020D47E,2022-03-20 09:00:00,,11.07,,,,,,78.87,,0.0,,0.9,0.27,,,
WS_0020D47E,2022-03-20 10:00:00,,11.53,,,,,,78.03,,0.0,,0.9,0.29,,,
WS_0020D47E,2022-03-20 11:00:00,,12.66,,,,,,72.89,,0.2,,0.9,0.39,,,
WS_0020D47E,2022-03-20 12:00:00,,13.34,,,,,,69.41,,0.0,,0.9,0.46,,,
WS_0020D47E,2022-03-20 13:00:00,,11.59,,,,,,72.87,,0.0,,0.8,0.37,,,
WS_0020D47E,2022-03-20 14:00:00,,11.35,,,,,,74.92,,0.0,,0.8,0.33,,,
WS_0020D47E,2022-03-20 15:00:00,,11.41,,,,,,67.04,,0.0,,0.9,0.44,,,
WS_0020D47E,2022-03-20 16:00:00,,10.77,,,,,,71.51,,0.0,,0.8,0.36,,,
WS_0020D47E,2022-03-20 17:00:00,,9.91,,,,,,74.96,,0.0,,0.8,0.3,,,
WS_0020D47E,2022-03-20 18:00:00,,9.33,,,,,,78.22,,0.0,,0.8,0.25,,,
WS_0020D47E,2022-03-20 19:00:00,,8.89,,,,,,77.53,,0.0,,0.8,0.25,,,
WS_0020D47E,2022-03-20 20:00:00,,8.23,,,,,,78.35,,0.0,,0.7,0.23,,,
WS_0020D47E,2022-03-20 21:00:00,,8.33,,,,,,78.78,,0.0,,0.8,0.23,,,
WS_0020D47E,2022-03-20 22:00:00,,8.12,,,,,,79.25,,0.0,,0.8,0.22,,,
WS_0020D47E,2022-03-20 23:00:00,,7.15,,,,,,78.54,,0.0,,0.8,0.21,,,
WS_0020D47E,2022-03-21 00:00:00,,6.14,,,,,,83.99,,0.0,,0.7,0.15,,,
WS_0020D47E,2022-03-21 01:00:00,,5.87,,,,,,86.16,,0.0,,0.7,0.12,,,
WS_0020D47E,2022-03-21 02:00:00,,5.17,,,,,,89.3,,0.0,,0.7,0.09,,,
WS_0020D47E,2022-03-21 03:00:00,,5.04,,,,,,88.9,,0.0,,0.7,0.09,,,
WS_0020D47E,2022-03-21 04:00:00,,4.3,,,,,,92.48,,0.0,,0.9,0.06,,,
WS_0020D47E,2022-03-21 05:00:00,,5.16,,,,,,93.21,,0.0,,1.0,0.06,,,
WS_0020D47E,2022-03-21 06:00:00,,7.26,,,,,,84.47,,0.0,,0.8,0.16,,,
WS_0020D47E,2022-03-21 07:00:00,,9.91,,,,,,69.31,,0.0,,0.6,0.37,,,
WS_0020D47E,2022-03-21 08:00:00,,10.62,,,,,,65.13,,0.0,,0.6,0.44,,,
WS_0020D47E,2022-03-21 09:00:00,,12.16,,,,,,59.46,,0.0,,0.6,0.57,,,
WS_0020D47E,2022-03-21 10:00:00,,13.65,,,,,,50.11,,0.0,,0.5,0.77,,,
WS_0020D47E,2022-03-21 11:00:00,,14.84,,,,,,47.22,,0.0,,0.5,0.89,,,
WS_0020D47E,2022-03-21 12:00:00,,15.6,,,,,,47.95,,0.0,,0.5,0.92,,,
WS_0020D47E,2022-03-21 13:00:00,,14.09,,,,,,58.38,,0.0,,0.4,0.67,,,
WS_0020D47E,2022-03-21 14:00:00,,14.01,,,,,,56.85,,0.0,,0.5,0.69,,,
WS_0020D47E,2022-03-21 15:00:00,,12.98,,,,,,58.69,,0.0,,0.4,0.61,,,
WS_0020D47E,2022-03-21 16:00:00,,10.38,,,,,,69.19,,0.0,,0.5,0.38,,,
WS_0020D47E,2022-03-21 17:00:00,,8.42,,,,,,77.64,,0.0,,0.6,0.24,,,
WS_0020D47E,2022-03-21 18:00:00,,8.31,,,,,,78.44,,0.0,,0.7,0.23,,,
WS_0020D47E,2022-03-21 19:00:00,,8.5,,,,,,76.66,,0.0,,0.6,0.25,,,
WS_0020D47E,2022-03-21 20:00:00,,7.93,,,,,,78.89,,0.0,,0.7,0.22,,,
WS_0020D47E,2022-03-21 21:00:00,,8.12,,,,,,75.12,,0.0,,0.7,0.26,,,
WS_0020D47E,2022-03-21 22:00:00,,8.1,,,,,,76.26,,0.0,,0.7,0.25,,,
WS_0020D47E,2022-03-21 23:00:00,,8.4,,,,,,78.8,,0.0,,0.6,0.22,,,
WS_0020D47E,2022-03-22 00:00:00,,7.54,,,,,,89.06,,0.2,,0.7,0.11,,,
WS_0020D47E,2022-03-22 01:00:00,,6.92,,,,,,89.2,,0.0,,0.8,0.1,,,
WS_0020D47E,2022-03-22 02:00:00,,5.52,,,,,,90.7,,0.0,,0.8,0.08,,,
WS_0020D47E,2022-03-22 03:00:00,,3.98,,,,,,94.35,,0.0,,0.9,0.04,,,
WS_0020D47E,2022-03-22 04:00:00,,3.5,,,,,,96.51,,0.0,,1.0,0.02,,,
WS_0020D47E,2022-03-22 05:00:00,,5.36,,,,,,93.32,,0.0,,1.0,0.05,,,
WS_0020D47E,2022-03-22 06:00:00,,7.29,,,,,,85.91,,0.0,,0.7,0.14,,,
WS_0020D47E,2022-03-22 07:00:00,,9.85,,,,,,69.77,,0.2,,0.7,0.36,,,
WS_0020D47E,2022-03-22 08:00:00,,10.7,,,,,,66.02,,0.4,,0.6,0.43,,,
WS_0020D47E,2022-03-22 09:00:00,,12.39,,,,,,58.01,,0.4,,0.6,0.6,,,
WS_0020D47E,2022-03-22 10:00:00,,13.79,,,,,,57.34,,0.0,,0.6,0.67,,,
WS_0020D47E,2022-03-22 11:00:00,,14.29,,,,,,57.07,,0.0,,0.6,0.69,,,
WS_0020D47E,2022-03-22 12:00:00,,14.48,,,,,,55.7,,0.0,,0.5,0.72,,,
WS_0020D47E,2022-03-22 13:00:00,,14.53,,,,,,56.91,,0.0,,0.5,0.71,,,
WS_0020D47E,2022-03-22 14:00:00,,14.98,,,,,,52.48,,0.0,,0.5,0.8,,,
WS_0020D47E,2022-03-22 15:00:00,,13.98,,,,,,51.0,,0.0,,0.3,0.77,,,
WS_0020D47E,2022-03-22 16:00:00,,12.08,,,,,,53.53,,0.0,,0.4,0.65,,,
WS_0020D47E,2022-03-22 17:00:00,,9.27,,,,,,64.24,,0.0,,0.3,0.41,,,
WS_0020D47E,2022-03-22 18:00:00,,7.43,,,,,,70.75,,0.0,,0.5,0.3,,,
WS_0020D47E,2022-03-22 19:00:00,,6.46,,,,,,73.26,,0.0,,0.8,0.25,,,
WS_0020D47E,2022-03-22 20:00:00,,6.23,,,,,,73.81,,0.0,,1.1,0.24,,,
WS_0020D47E,2022-03-22 21:00:00,,5.41,,,,,,76.11,,0.0,,1.1,0.21,,,
WS_0020D47E,2022-03-22 22:00:00,,5.35,,,,,,82.51,,0.0,,1.1,0.15,,,
WS_0020D47E,2022-03-22 23:00:00,,5.4,,,,,,88.29,,0.0,,1.2,0.1,,,
WS_0020D47E,2022-03-23 00:00:00,,5.74,,,,,,88.18,,0.0,,1.1,0.1,,,
WS_0020D47E,2022-03-23 01:00:00,,5.82,,,,,,85.73,,0.0,,1.2,0.13,,,
WS_0020D47E,2022-03-23 02:00:00,,6.13,,,,,,80.89,,0.0,,1.4,0.17,,,
WS_0020D47E,2022-03-23 03:00:00,,6.24,,,,,,80.91,,0.0,,1.4,0.17,,,
WS_0020D47E,2022-03-23 04:00:00,,7.11,,,,,,81.12,,0.0,,1.4,0.19,,,
WS_0020D47E,2022-03-23 05:00:00,,7.4,,,,,,83.21,,0.0,,1.3,0.17,,,
WS_0020D47E,2022-03-23 06:00:00,,9.5,,,,,,77.56,,0.0,,1.3,0.26,,,
WS_0020D47E,2022-03-23 07:00:00,,11.66,,,,,,69.75,,0.0,,1.3,0.41,,,
WS_0020D47E,2022-03-23 08:00:00,,12.83,,,,,,63.54,,0.0,,1.4,0.53,,,
WS_0020D47E,2022-03-23 09:00:00,,13.9,,,,,,53.61,,0.0,,1.2,0.73,,,
WS_0020D47E,2022-03-23 10:00:00,,15.34,,,,,,45.83,,0.0,,1.1,0.94,,,
WS_0020D47E,2022-03-23 11:00:00,,16.13,,,,,,46.1,,0.0,,1.1,0.98,,,
WS_0020D47E,2022-03-23 12:00:00,,16.07,,,,,,45.49,,0.0,,1.4,0.99,,,
WS_0020D47E,2022-03-23 13:00:00,,15.63,,,,,,49.32,,0.0,,1.0,0.89,,,
WS_0020D47E,2022-03-23 14:00:00,,14.98,,,,,,48.9,,0.0,,1.8,0.86,,,
WS_0020D47E,2022-03-23 15:00:00,,14.12,,,,,,50.77,,0.0,,1.6,0.79,,,
WS_0020D47E,2022-03-23 16:00:00,,12.55,,,,,,57.35,,0.0,,1.7,0.61,,,
WS_0020D47E,2022-03-23 17:00:00,,10.42,,,,,,69.92,,0.0,,1.5,0.37,,,
WS_0020D47E,2022-03-23 18:00:00,,8.95,,,,,,78.72,,0.0,,1.0,0.24,,,
WS_0020D47E,2022-03-23 19:00:00,,8.27,,,,,,82.61,,0.0,,0.9,0.19,,,
WS_0020D47E,2022-03-23 20:00:00,,7.52,,,,,,87.25,,0.0,,0.9,0.13,,,
WS_0020D47E,2022-03-23 21:00:00,,7.23,,,,,,89.15,,0.0,,1.0,0.1,,,
WS_0020D47E,2022-03-23 22:00:00,,6.4,,,,,,93.21,,0.0,,0.9,0.06,,,
WS_0020D47E,2022-03-23 23:00:00,,6.25,,,,,,96.02,,0.0,,1.1,0.03,,,
WS_0020D47E,2022-03-24 00:00:00,,5.85,,,,,,97.78,,0.0,,0.9,0.02,,,
WS_0020D47E,2022-03-24 01:00:00,,6.02,,,,,,98.84,,0.0,,1.0,0.0,,,
WS_0020D47E,2022-03-24 02:00:00,,6.33,,,,,,99.62,,0.0,,1.0,0.0,,,
WS_0020D47E,2022-03-24 03:00:00,,6.45,,,,,,99.44,,0.0,,1.1,0.0,,,
WS_0020D47E,2022-03-24 04:00:00,,6.34,,,,,,98.79,,0.0,,1.2,0.01,,,
WS_0020D47E,2022-03-24 05:00:00,,6.5,,,,,,98.13,,0.0,,1.2,0.01,,,
WS_0020D47E,2022-03-24 06:00:00,,9.19,,,,,,94.9,,0.2,,1.1,0.06,,,
WS_0020D47E,2022-03-24 07:00:00,,12.31,,,,,,80.57,,0.0,,0.9,0.27,,,
WS_0020D47E,2022-03-24 08:00:00,,13.39,,,,,,66.25,,0.0,,0.8,0.51,,,
WS_0020D47E,2022-03-24 09:00:00,,15.83,,,,,,56.77,,0.0,,0.8,0.78,,,
WS_0020D47E,2022-03-24 10:00:00,,17.14,,,,,,54.2,,0.0,,0.8,0.89,,,
WS_0020D47E,2022-03-24 11:00:00,,17.56,,,,,,48.45,,0.0,,1.1,1.03,,,
WS_0020D47E,2022-03-24 12:00:00,,17.77,,,,,,51.23,,0.0,,1.3,0.98,,,
WS_0020D47E,2022-03-24 13:00:00,,17.72,,,,,,47.33,,0.0,,1.1,1.06,,,
WS_0020D47E,2022-03-24 14:00:00,,16.4,,,,,,54.33,,0.0,,1.1,0.84,,,
WS_0020D47E,2022-03-24 15:00:00,,15.89,,,,,,59.61,,0.0,,1.1,0.72,,,
WS_0020D47E,2022-03-24 16:00:00,,14.45,,,,,,65.45,,0.0,,1.0,0.56,,,
WS_0020D47E,2022-03-24 17:00:00,,11.29,,,,,,79.61,,0.0,,0.8,0.27,,,
WS_0020D47E,2022-03-24 18:00:00,,9.82,,,,,,87.99,,0.0,,0.8,0.14,,,
WS_0020D47E,2022-03-24 19:00:00,,8.92,,,,,,91.75,,0.0,,1.0,0.09,,,
WS_0020D47E,2022-03-24 20:00:00,,7.54,,,,,,97.4,,0.0,,0.9,0.02,,,
WS_0020D47E,2022-03-24 21:00:00,,6.95,,,,,,99.26,,0.0,,0.8,0.0,,,
WS_0020D47E,2022-03-24 22:00:00,,6.82,,,,,,99.21,,0.0,,1.0,0.0,,,
WS_0020D47E,2022-03-24 23:00:00,,6.7,,,,,,95.97,,0.0,,1.0,0.03,,,
WS_0020D47E,2022-03-25 00:00:00,,6.45,,,,,,95.03,,0.0,,1.1,0.04,,,
WS_0020D47E,2022-03-25 01:00:00,,7.36,,,,,,87.93,,0.0,,0.9,0.12,,,
WS_0020D47E,2022-03-25 02:00:00,,6.62,,,,,,89.39,,0.0,,1.1,0.1,,,
WS_0020D47E,2022-03-25 03:00:00,,6.84,,,,,,88.82,,0.0,,1.0,0.1,,,
WS_0020D47E,2022-03-25 04:00:00,,5.53,,,,,,94.17,,0.0,,1.1,0.05,,,
WS_0020D47E,2022-03-25 05:00:00,,5.48,,,,,,96.54,,0.0,,1.0,0.03,,,
WS_0020D47E,2022-03-25 06:00:00,,8.07,,,,,,96.87,,0.0,,0.9,0.03,,,
WS_0020D47E,2022-03-25 07:00:00,,12.27,,,,,,77.22,,0.0,,1.0,0.32,,,
WS_0020D47E,2022-03-25 08:00:00,,13.33,,,,,,68.85,,0.4,,1.1,0.47,,,
WS_0020D47E,2022-03-25 09:00:00,,15.12,,,,,,62.61,,0.0,,1.2,0.64,,,
WS_0020D47E,2022-03-25 10:00:00,,17.07,,,,,,54.89,,0.0,,1.2,0.87,,,
WS_0020D47E,2022-03-25 11:00:00,,18.19,,,,,,51.55,,0.0,,1.2,1.01,,,
WS_0020D47E,2022-03-25 12:00:00,,18.83,,,,,,49.23,,0.0,,1.2,1.1,,,
WS_0020D47E,2022-03-25 13:00:00,,22.14,,,,,,39.86,,5.6,,1.1,1.65,,,
WS_0020D47E,2022-03-25 14:00:00,,24.73,,,,,,37.23,,3.4,,0.4,1.96,,,
